#year,month,day,hour,lineID,stationID,statusN,statusS
2014,7,26,0, 4,  2,0,0
2014,7,26,0, 4,  2,0,0
2014,7,26,0, 4,  2,0,0
2014,7,26,0, 4,  2,0,0
2014,7,26,1, 4,  2,0,0
2014,7,26,1, 4,  2,0,0
2014,7,26,1, 4,  2,0,0
2014,7,26,1, 4,  2,0,0
2014,7,26,2, 4,  2,0,0
2014,7,26,2, 4,  2,0,0
2014,7,26,2, 4,  2,0,0
2014,7,26,2, 4,  2,0,0
2014,7,26,3, 4,  2,0,0
2014,7,26,3, 4,  2,0,0
2014,7,26,3, 4,  2,0,0
2014,7,26,3, 4,  2,0,0
2014,7,26,4, 4,  2,0,0
2014,7,26,4, 4,  2,0,0
2014,7,26,4, 4,  2,0,0
2014,7,26,4, 4,  2,0,0
2014,7,26,5, 4,  2,0,0
2014,7,26,5, 4,  2,0,0
2014,7,26,5, 4,  2,0,0
2014,7,26,5, 4,  2,0,0
2014,7,26,6, 4,  2,0,0
2014,7,26,6, 4,  2,0,0
2014,7,26,6, 4,  2,0,0
2014,7,26,6, 4,  2,0,0
2014,7,26,7, 4,  2,0,0
2014,7,26,7, 4,  2,0,0
2014,7,26,7, 4,  2,0,0
2014,7,26,7, 4,  2,0,0
2014,7,26,8, 4,  2,0,0
2014,7,26,8, 4,  2,0,0
2014,7,26,8, 4,  2,0,0
2014,7,26,8, 4,  2,0,0
2014,7,26,9, 4,  2,0,0
2014,7,26,9, 4,  2,0,0
2014,7,26,9, 4,  2,0,0
2014,7,26,9, 4,  2,0,0
2014,7,26,10, 4,  2,0,0
2014,7,26,10, 4,  2,0,0
2014,7,26,10, 4,  2,0,0
2014,7,26,10, 4,  2,0,0
2014,7,26,11, 4,  2,0,0
2014,7,26,11, 4,  2,0,0
2014,7,26,11, 4,  2,0,0
2014,7,26,11, 4,  2,0,0
2014,7,26,12, 4,  2,0,0
2014,7,26,12, 4,  2,2,0
2014,7,26,12, 4,  2,2,0
2014,7,26,12, 4,  2,2,0
2014,7,26,13, 4,  2,2,0
2014,7,26,13, 4,  2,2,0
2014,7,26,13, 4,  2,2,0
2014,7,26,13, 4,  2,2,0
2014,7,26,14, 4,  2,2,0
2014,7,26,14, 4,  2,2,0
2014,7,26,14, 4,  2,2,0
2014,7,26,14, 4,  2,2,0
2014,7,26,15, 4,  2,2,0
2014,7,26,15, 4,  2,2,0
2014,7,26,15, 4,  2,2,0
2014,7,26,15, 4,  2,2,0
2014,7,26,16, 4,  2,2,0
2014,7,26,16, 4,  2,2,0
2014,7,26,16, 4,  2,2,0
2014,7,26,16, 4,  2,2,0
2014,7,26,17, 4,  2,2,0
2014,7,26,17, 4,  2,2,0
2014,7,26,17, 4,  2,2,0
2014,7,26,17, 4,  2,2,0
2014,7,26,18, 4,  2,2,0
2014,7,26,18, 4,  2,0,0
2014,7,26,18, 4,  2,0,0
2014,7,26,18, 4,  2,0,0
2014,7,26,19, 4,  2,0,0
2014,7,26,19, 4,  2,0,0
2014,7,26,19, 4,  2,0,2
2014,7,26,19, 4,  2,0,2
2014,7,26,20, 4,  2,0,2
2014,7,26,20, 4,  2,0,2
2014,7,26,20, 4,  2,0,2
2014,7,26,20, 4,  2,0,2
2014,7,26,21, 4,  2,0,0
2014,7,26,21, 4,  2,0,0
2014,7,26,21, 4,  2,0,0
2014,7,26,21, 4,  2,0,0
2014,7,26,22, 4,  2,0,0
2014,7,26,22, 4,  2,0,0
2014,7,26,22, 4,  2,0,0
2014,7,26,22, 4,  2,0,0
2014,7,26,23, 4,  2,0,0
2014,7,26,23, 4,  2,0,0
2014,7,26,23, 4,  2,0,0
2014,7,26,23, 4,  2,0,0
2014,8,2,0, 4,  2,0,0
2014,8,2,0, 4,  2,0,0
2014,8,2,0, 4,  2,0,0
2014,8,2,0, 4,  2,0,0
2014,8,2,1, 4,  2,0,0
2014,8,2,1, 4,  2,0,0
2014,8,2,1, 4,  2,0,0
2014,8,2,1, 4,  2,0,0
2014,8,2,2, 4,  2,0,0
2014,8,2,2, 4,  2,0,0
2014,8,2,2, 4,  2,0,0
2014,8,2,2, 4,  2,0,0
2014,8,2,3, 4,  2,0,0
2014,8,2,3, 4,  2,0,0
2014,8,2,3, 4,  2,0,0
2014,8,2,3, 4,  2,0,0
2014,8,2,4, 4,  2,0,0
2014,8,2,4, 4,  2,0,0
2014,8,2,4, 4,  2,0,0
2014,8,2,4, 4,  2,0,0
2014,8,2,5, 4,  2,0,0
2014,8,2,5, 4,  2,0,0
2014,8,2,5, 4,  2,0,0
2014,8,2,5, 4,  2,0,0
2014,8,2,6, 4,  2,0,0
2014,8,2,6, 4,  2,0,0
2014,8,2,6, 4,  2,0,0
2014,8,2,6, 4,  2,0,0
2014,8,2,7, 4,  2,0,0
2014,8,2,7, 4,  2,0,0
2014,8,2,7, 4,  2,0,0
2014,8,2,7, 4,  2,0,0
2014,8,2,8, 4,  2,0,0
2014,8,2,8, 4,  2,0,0
2014,8,2,8, 4,  2,0,0
2014,8,2,8, 4,  2,0,0
2014,8,2,9, 4,  2,0,0
2014,8,2,9, 4,  2,0,0
2014,8,2,9, 4,  2,0,0
2014,8,2,9, 4,  2,0,0
2014,8,2,10, 4,  2,0,0
2014,8,2,10, 4,  2,0,0
2014,8,2,10, 4,  2,0,0
2014,8,2,10, 4,  2,0,0
2014,8,2,11, 4,  2,0,0
2014,8,2,11, 4,  2,0,0
2014,8,2,11, 4,  2,0,0
2014,8,2,11, 4,  2,0,0
2014,8,2,12, 4,  2,0,0
2014,8,2,12, 4,  2,0,0
2014,8,2,12, 4,  2,0,0
2014,8,2,12, 4,  2,0,0
2014,8,2,13, 4,  2,2,0
2014,8,2,13, 4,  2,2,0
2014,8,2,13, 4,  2,2,0
2014,8,2,13, 4,  2,2,0
2014,8,2,14, 4,  2,2,0
2014,8,2,14, 4,  2,2,0
2014,8,2,14, 4,  2,2,0
2014,8,2,14, 4,  2,0,0
2014,8,2,15, 4,  2,0,0
2014,8,2,15, 4,  2,0,0
2014,8,2,15, 4,  2,0,0
2014,8,2,15, 4,  2,0,0
2014,8,2,16, 4,  2,0,0
2014,8,2,16, 4,  2,0,0
2014,8,2,16, 4,  2,0,0
2014,8,2,16, 4,  2,0,0
2014,8,2,17, 4,  2,0,0
2014,8,2,17, 4,  2,0,0
2014,8,2,17, 4,  2,0,0
2014,8,2,17, 4,  2,0,0
2014,8,2,18, 4,  2,0,0
2014,8,2,18, 4,  2,0,0
2014,8,2,18, 4,  2,0,0
2014,8,2,18, 4,  2,0,0
2014,8,2,19, 4,  2,0,0
2014,8,2,19, 4,  2,0,0
2014,8,2,19, 4,  2,0,0
2014,8,2,19, 4,  2,0,0
2014,8,2,20, 4,  2,0,0
2014,8,2,20, 4,  2,0,0
2014,8,2,20, 4,  2,0,0
2014,8,2,20, 4,  2,0,0
2014,8,2,21, 4,  2,0,0
2014,8,2,21, 4,  2,0,0
2014,8,2,21, 4,  2,0,0
2014,8,2,21, 4,  2,0,0
2014,8,2,22, 4,  2,0,0
2014,8,2,22, 4,  2,0,0
2014,8,2,22, 4,  2,0,0
2014,8,2,22, 4,  2,0,0
2014,8,2,23, 4,  2,0,0
2014,8,2,23, 4,  2,0,0
2014,8,2,23, 4,  2,0,0
2014,8,2,23, 4,  2,0,0
2014,8,9,0, 4,  2,0,0
2014,8,9,0, 4,  2,0,0
2014,8,9,0, 4,  2,0,0
2014,8,9,0, 4,  2,0,0
2014,8,9,1, 4,  2,0,0
2014,8,9,1, 4,  2,0,0
2014,8,9,1, 4,  2,0,0
2014,8,9,1, 4,  2,0,0
2014,8,9,2, 4,  2,0,0
2014,8,9,2, 4,  2,0,0
2014,8,9,2, 4,  2,0,0
2014,8,9,2, 4,  2,0,0
2014,8,9,3, 4,  2,0,0
2014,8,9,3, 4,  2,0,0
2014,8,9,3, 4,  2,0,0
2014,8,9,3, 4,  2,0,0
2014,8,9,4, 4,  2,0,0
2014,8,9,4, 4,  2,0,0
2014,8,9,4, 4,  2,0,0
2014,8,9,4, 4,  2,0,0
2014,8,9,5, 4,  2,0,0
2014,8,9,5, 4,  2,0,0
2014,8,9,5, 4,  2,0,0
2014,8,9,5, 4,  2,0,0
2014,8,9,6, 4,  2,0,0
2014,8,9,6, 4,  2,0,0
2014,8,9,6, 4,  2,0,0
2014,8,9,6, 4,  2,0,0
2014,8,9,7, 4,  2,0,0
2014,8,9,7, 4,  2,0,0
2014,8,9,7, 4,  2,0,0
2014,8,9,7, 4,  2,0,0
2014,8,9,8, 4,  2,0,0
2014,8,9,8, 4,  2,0,0
2014,8,9,8, 4,  2,0,0
2014,8,9,8, 4,  2,0,0
2014,8,9,9, 4,  2,0,0
2014,8,9,9, 4,  2,0,0
2014,8,9,9, 4,  2,0,0
2014,8,9,9, 4,  2,0,0
2014,8,9,10, 4,  2,0,0
2014,8,9,10, 4,  2,0,0
2014,8,9,10, 4,  2,0,0
2014,8,9,10, 4,  2,0,0
2014,8,9,11, 4,  2,0,0
2014,8,9,11, 4,  2,0,0
2014,8,9,11, 4,  2,0,0
2014,8,9,11, 4,  2,1,0
2014,8,9,12, 4,  2,1,0
2014,8,9,12, 4,  2,1,0
2014,8,9,12, 4,  2,2,0
2014,8,9,12, 4,  2,2,0
2014,8,9,13, 4,  2,2,0
2014,8,9,13, 4,  2,2,0
2014,8,9,13, 4,  2,2,0
2014,8,9,13, 4,  2,2,0
2014,8,9,14, 4,  2,2,0
2014,8,9,14, 4,  2,2,0
2014,8,9,14, 4,  2,2,0
2014,8,9,14, 4,  2,2,0
2014,8,9,15, 4,  2,2,0
2014,8,9,15, 4,  2,1,0
2014,8,9,15, 4,  2,1,0
2014,8,9,15, 4,  2,1,0
2014,8,9,16, 4,  2,1,0
2014,8,9,16, 4,  2,1,0
2014,8,9,16, 4,  2,1,0
2014,8,9,16, 4,  2,1,1
2014,8,9,17, 4,  2,1,1
2014,8,9,17, 4,  2,1,1
2014,8,9,17, 4,  2,1,1
2014,8,9,17, 4,  2,1,1
2014,8,9,18, 4,  2,1,1
2014,8,9,18, 4,  2,1,1
2014,8,9,18, 4,  2,1,1
2014,8,9,18, 4,  2,1,1
2014,8,9,19, 4,  2,1,1
2014,8,9,19, 4,  2,1,1
2014,8,9,19, 4,  2,1,1
2014,8,9,19, 4,  2,1,1
2014,8,9,20, 4,  2,1,1
2014,8,9,20, 4,  2,1,1
2014,8,9,20, 4,  2,1,1
2014,8,9,20, 4,  2,1,1
2014,8,9,21, 4,  2,1,1
2014,8,9,21, 4,  2,1,1
2014,8,9,21, 4,  2,1,1
2014,8,9,21, 4,  2,1,1
2014,8,9,22, 4,  2,1,1
2014,8,9,22, 4,  2,1,1
2014,8,9,22, 4,  2,1,1
2014,8,9,22, 4,  2,1,1
2014,8,9,23, 4,  2,1,1
2014,8,9,23, 4,  2,1,1
2014,8,9,23, 4,  2,1,1
2014,8,9,23, 4,  2,1,1
2014,8,16,0, 4,  2,0,0
2014,8,16,0, 4,  2,0,0
2014,8,16,0, 4,  2,0,0
2014,8,16,0, 4,  2,0,0
2014,8,16,1, 4,  2,0,0
2014,8,16,1, 4,  2,0,0
2014,8,16,1, 4,  2,0,0
2014,8,16,1, 4,  2,0,0
2014,8,16,2, 4,  2,0,0
2014,8,16,2, 4,  2,0,0
2014,8,16,2, 4,  2,0,0
2014,8,16,2, 4,  2,0,0
2014,8,16,3, 4,  2,0,0
2014,8,16,3, 4,  2,0,0
2014,8,16,3, 4,  2,0,0
2014,8,16,3, 4,  2,-1,-1
2014,8,16,4, 4,  2,0,0
2014,8,16,4, 4,  2,0,0
2014,8,16,4, 4,  2,0,0
2014,8,16,4, 4,  2,0,0
2014,8,16,5, 4,  2,0,0
2014,8,16,5, 4,  2,0,0
2014,8,16,5, 4,  2,0,0
2014,8,16,5, 4,  2,0,0
2014,8,16,6, 4,  2,0,0
2014,8,16,6, 4,  2,0,0
2014,8,16,6, 4,  2,0,0
2014,8,16,6, 4,  2,0,0
2014,8,16,7, 4,  2,0,0
2014,8,16,7, 4,  2,0,0
2014,8,16,7, 4,  2,0,0
2014,8,16,7, 4,  2,0,0
2014,8,16,8, 4,  2,0,0
2014,8,16,8, 4,  2,0,0
2014,8,16,8, 4,  2,0,0
2014,8,16,8, 4,  2,0,0
2014,8,16,9, 4,  2,0,0
2014,8,16,9, 4,  2,0,0
2014,8,16,9, 4,  2,0,0
2014,8,16,9, 4,  2,0,0
2014,8,16,10, 4,  2,0,0
2014,8,16,10, 4,  2,0,0
2014,8,16,10, 4,  2,0,0
2014,8,16,10, 4,  2,0,0
2014,8,16,11, 4,  2,0,0
2014,8,16,11, 4,  2,0,2
2014,8,16,11, 4,  2,2,2
2014,8,16,11, 4,  2,2,2
2014,8,16,12, 4,  2,2,2
2014,8,16,12, 4,  2,2,2
2014,8,16,12, 4,  2,2,2
2014,8,16,12, 4,  2,2,2
2014,8,16,13, 4,  2,2,2
2014,8,16,13, 4,  2,2,2
2014,8,16,13, 4,  2,2,2
2014,8,16,13, 4,  2,2,2
2014,8,16,14, 4,  2,2,2
2014,8,16,14, 4,  2,2,2
2014,8,16,14, 4,  2,2,2
2014,8,16,14, 4,  2,0,2
2014,8,16,15, 4,  2,0,2
2014,8,16,15, 4,  2,0,2
2014,8,16,15, 4,  2,0,2
2014,8,16,15, 4,  2,0,2
2014,8,16,16, 4,  2,0,2
2014,8,16,16, 4,  2,0,2
2014,8,16,16, 4,  2,0,2
2014,8,16,16, 4,  2,0,2
2014,8,16,17, 4,  2,0,2
2014,8,16,17, 4,  2,0,2
2014,8,16,17, 4,  2,0,1
2014,8,16,17, 4,  2,0,1
2014,8,16,18, 4,  2,0,1
2014,8,16,18, 4,  2,0,1
2014,8,16,18, 4,  2,0,1
2014,8,16,18, 4,  2,0,1
2014,8,16,19, 4,  2,0,1
2014,8,16,19, 4,  2,0,2
2014,8,16,19, 4,  2,0,2
2014,8,16,19, 4,  2,0,2
2014,8,16,20, 4,  2,0,2
2014,8,16,20, 4,  2,0,0
2014,8,16,20, 4,  2,0,0
2014,8,16,20, 4,  2,0,0
2014,8,16,21, 4,  2,0,0
2014,8,16,21, 4,  2,0,0
2014,8,16,21, 4,  2,0,0
2014,8,16,21, 4,  2,0,0
2014,8,16,22, 4,  2,0,0
2014,8,16,22, 4,  2,0,0
2014,8,16,22, 4,  2,0,0
2014,8,16,22, 4,  2,0,0
2014,8,16,23, 4,  2,0,0
2014,8,16,23, 4,  2,0,0
2014,8,16,23, 4,  2,0,0
2014,8,16,23, 4,  2,0,0
2014,8,23,0, 4,  2,0,0
2014,8,23,0, 4,  2,0,0
2014,8,23,0, 4,  2,0,0
2014,8,23,0, 4,  2,0,0
2014,8,23,1, 4,  2,0,0
2014,8,23,1, 4,  2,0,0
2014,8,23,1, 4,  2,0,0
2014,8,23,1, 4,  2,0,0
2014,8,23,2, 4,  2,0,0
2014,8,23,2, 4,  2,0,0
2014,8,23,2, 4,  2,0,0
2014,8,23,2, 4,  2,0,0
2014,8,23,3, 4,  2,0,0
2014,8,23,3, 4,  2,0,0
2014,8,23,3, 4,  2,0,0
2014,8,23,3, 4,  2,0,0
2014,8,23,4, 4,  2,0,0
2014,8,23,4, 4,  2,0,0
2014,8,23,4, 4,  2,0,0
2014,8,23,4, 4,  2,0,0
2014,8,23,5, 4,  2,0,0
2014,8,23,5, 4,  2,0,0
2014,8,23,5, 4,  2,0,0
2014,8,23,5, 4,  2,0,0
2014,8,23,6, 4,  2,0,0
2014,8,23,6, 4,  2,0,0
2014,8,23,6, 4,  2,0,0
2014,8,23,6, 4,  2,0,0
2014,8,23,7, 4,  2,0,0
2014,8,23,7, 4,  2,0,0
2014,8,23,7, 4,  2,0,0
2014,8,23,7, 4,  2,0,0
2014,8,23,8, 4,  2,0,0
2014,8,23,8, 4,  2,0,0
2014,8,23,8, 4,  2,0,0
2014,8,23,8, 4,  2,0,0
2014,8,23,9, 4,  2,0,0
2014,8,23,9, 4,  2,0,0
2014,8,23,9, 4,  2,0,0
2014,8,23,9, 4,  2,0,0
2014,8,23,10, 4,  2,0,0
2014,8,23,10, 4,  2,0,0
2014,8,23,10, 4,  2,0,0
2014,8,23,10, 4,  2,0,0
2014,8,23,11, 4,  2,0,0
2014,8,23,11, 4,  2,0,0
2014,8,23,11, 4,  2,0,0
2014,8,23,11, 4,  2,0,0
2014,8,23,12, 4,  2,0,0
2014,8,23,12, 4,  2,2,0
2014,8,23,12, 4,  2,2,0
2014,8,23,12, 4,  2,2,0
2014,8,23,13, 4,  2,2,0
2014,8,23,13, 4,  2,2,0
2014,8,23,13, 4,  2,2,0
2014,8,23,13, 4,  2,2,0
2014,8,23,14, 4,  2,2,0
2014,8,23,14, 4,  2,0,0
2014,8,23,14, 4,  2,0,0
2014,8,23,14, 4,  2,0,0
2014,8,23,15, 4,  2,0,0
2014,8,23,15, 4,  2,0,0
2014,8,23,15, 4,  2,0,0
2014,8,23,15, 4,  2,0,0
2014,8,23,16, 4,  2,0,0
2014,8,23,16, 4,  2,0,0
2014,8,23,16, 4,  2,0,0
2014,8,23,16, 4,  2,0,0
2014,8,23,17, 4,  2,0,0
2014,8,23,17, 4,  2,0,0
2014,8,23,17, 4,  2,0,0
2014,8,23,17, 4,  2,0,0
2014,8,23,18, 4,  2,0,0
2014,8,23,18, 4,  2,0,0
2014,8,23,18, 4,  2,0,0
2014,8,23,18, 4,  2,0,0
2014,8,23,19, 4,  2,0,0
2014,8,23,19, 4,  2,0,0
2014,8,23,19, 4,  2,0,0
2014,8,23,19, 4,  2,0,0
2014,8,23,20, 4,  2,0,0
2014,8,23,20, 4,  2,0,0
2014,8,23,20, 4,  2,0,0
2014,8,23,20, 4,  2,0,0
2014,8,23,21, 4,  2,0,0
2014,8,23,21, 4,  2,0,0
2014,8,23,21, 4,  2,0,0
2014,8,23,21, 4,  2,0,0
2014,8,23,22, 4,  2,0,0
2014,8,23,22, 4,  2,0,0
2014,8,23,22, 4,  2,0,0
2014,8,23,22, 4,  2,0,0
2014,8,23,23, 4,  2,0,0
2014,8,23,23, 4,  2,0,0
2014,8,23,23, 4,  2,0,0
2014,8,23,23, 4,  2,0,0
2014,8,30,0, 4,  2,0,0
2014,8,30,0, 4,  2,0,0
2014,8,30,0, 4,  2,0,0
2014,8,30,0, 4,  2,0,0
2014,8,30,1, 4,  2,0,0
2014,8,30,1, 4,  2,0,0
2014,8,30,1, 4,  2,0,0
2014,8,30,1, 4,  2,0,0
2014,8,30,2, 4,  2,0,0
2014,8,30,2, 4,  2,0,0
2014,8,30,2, 4,  2,0,0
2014,8,30,2, 4,  2,0,0
2014,8,30,3, 4,  2,0,0
2014,8,30,3, 4,  2,0,0
2014,8,30,3, 4,  2,0,0
2014,8,30,3, 4,  2,0,0
2014,8,30,4, 4,  2,0,0
2014,8,30,4, 4,  2,0,0
2014,8,30,4, 4,  2,0,0
2014,8,30,4, 4,  2,0,0
2014,8,30,5, 4,  2,0,0
2014,8,30,5, 4,  2,0,0
2014,8,30,5, 4,  2,0,0
2014,8,30,5, 4,  2,0,0
2014,8,30,6, 4,  2,0,0
2014,8,30,6, 4,  2,0,0
2014,8,30,6, 4,  2,0,0
2014,8,30,6, 4,  2,0,0
2014,8,30,7, 4,  2,0,0
2014,8,30,7, 4,  2,0,0
2014,8,30,7, 4,  2,0,0
2014,8,30,7, 4,  2,0,0
2014,8,30,8, 4,  2,0,0
2014,8,30,8, 4,  2,2,0
2014,8,30,8, 4,  2,2,0
2014,8,30,8, 4,  2,2,0
2014,8,30,9, 4,  2,2,0
2014,8,30,9, 4,  2,2,0
2014,8,30,9, 4,  2,0,0
2014,8,30,9, 4,  2,0,0
2014,8,30,10, 4,  2,0,0
2014,8,30,10, 4,  2,0,0
2014,8,30,10, 4,  2,0,0
2014,8,30,10, 4,  2,0,0
2014,8,30,11, 4,  2,0,0
2014,8,30,11, 4,  2,0,0
2014,8,30,11, 4,  2,0,0
2014,8,30,11, 4,  2,0,0
2014,8,30,12, 4,  2,0,0
2014,8,30,12, 4,  2,0,0
2014,8,30,12, 4,  2,0,0
2014,8,30,12, 4,  2,0,0
2014,8,30,13, 4,  2,0,0
2014,8,30,13, 4,  2,0,0
2014,8,30,13, 4,  2,0,0
2014,8,30,13, 4,  2,0,0
2014,8,30,14, 4,  2,0,0
2014,8,30,14, 4,  2,0,0
2014,8,30,14, 4,  2,0,0
2014,8,30,14, 4,  2,0,0
2014,8,30,15, 4,  2,0,0
2014,8,30,15, 4,  2,0,0
2014,8,30,15, 4,  2,0,0
2014,8,30,15, 4,  2,0,0
2014,8,30,16, 4,  2,0,0
2014,8,30,16, 4,  2,0,0
2014,8,30,16, 4,  2,0,0
2014,8,30,16, 4,  2,0,0
2014,8,30,17, 4,  2,0,0
2014,8,30,17, 4,  2,0,0
2014,8,30,17, 4,  2,0,0
2014,8,30,17, 4,  2,0,0
2014,8,30,18, 4,  2,0,0
2014,8,30,18, 4,  2,0,0
2014,8,30,18, 4,  2,0,0
2014,8,30,18, 4,  2,0,0
2014,8,30,19, 4,  2,0,0
2014,8,30,19, 4,  2,0,0
2014,8,30,19, 4,  2,0,0
2014,8,30,19, 4,  2,0,0
2014,8,30,20, 4,  2,0,0
2014,8,30,20, 4,  2,0,0
2014,8,30,20, 4,  2,0,0
2014,8,30,20, 4,  2,0,0
2014,8,30,21, 4,  2,0,0
2014,8,30,21, 4,  2,0,0
2014,8,30,21, 4,  2,0,0
2014,8,30,21, 4,  2,0,0
2014,8,30,22, 4,  2,0,0
2014,8,30,22, 4,  2,0,0
2014,8,30,22, 4,  2,0,0
2014,8,30,22, 4,  2,0,0
2014,8,30,23, 4,  2,0,0
2014,8,30,23, 4,  2,0,0
2014,8,30,23, 4,  2,0,0
2014,8,30,23, 4,  2,0,0
2014,9,6,0, 4,  2,0,0
2014,9,6,0, 4,  2,0,0
2014,9,6,0, 4,  2,0,0
2014,9,6,0, 4,  2,0,0
2014,9,6,1, 4,  2,0,0
2014,9,6,1, 4,  2,0,0
2014,9,6,1, 4,  2,0,0
2014,9,6,1, 4,  2,0,0
2014,9,6,2, 4,  2,0,0
2014,9,6,2, 4,  2,0,0
2014,9,6,2, 4,  2,0,0
2014,9,6,2, 4,  2,0,0
2014,9,6,3, 4,  2,0,0
2014,9,6,3, 4,  2,0,0
2014,9,6,3, 4,  2,0,0
2014,9,6,3, 4,  2,0,0
2014,9,6,4, 4,  2,0,0
2014,9,6,4, 4,  2,0,0
2014,9,6,4, 4,  2,0,0
2014,9,6,4, 4,  2,0,0
2014,9,6,5, 4,  2,0,0
2014,9,6,5, 4,  2,0,0
2014,9,6,5, 4,  2,0,0
2014,9,6,5, 4,  2,0,0
2014,9,6,6, 4,  2,0,0
2014,9,6,6, 4,  2,0,0
2014,9,6,6, 4,  2,0,0
2014,9,6,6, 4,  2,0,0
2014,9,6,7, 4,  2,0,0
2014,9,6,7, 4,  2,0,0
2014,9,6,7, 4,  2,0,0
2014,9,6,7, 4,  2,0,0
2014,9,6,8, 4,  2,0,0
2014,9,6,8, 4,  2,0,0
2014,9,6,8, 4,  2,0,0
2014,9,6,8, 4,  2,0,0
2014,9,6,9, 4,  2,0,0
2014,9,6,9, 4,  2,0,0
2014,9,6,9, 4,  2,0,0
2014,9,6,9, 4,  2,0,0
2014,9,6,10, 4,  2,0,0
2014,9,6,10, 4,  2,0,0
2014,9,6,10, 4,  2,0,0
2014,9,6,10, 4,  2,0,0
2014,9,6,11, 4,  2,0,0
2014,9,6,11, 4,  2,0,0
2014,9,6,11, 4,  2,0,0
2014,9,6,11, 4,  2,0,0
2014,9,6,12, 4,  2,0,0
2014,9,6,12, 4,  2,0,0
2014,9,6,12, 4,  2,0,0
2014,9,6,12, 4,  2,0,0
2014,9,6,13, 4,  2,0,0
2014,9,6,13, 4,  2,0,0
2014,9,6,13, 4,  2,0,0
2014,9,6,13, 4,  2,2,0
2014,9,6,14, 4,  2,2,0
2014,9,6,14, 4,  2,2,0
2014,9,6,14, 4,  2,2,0
2014,9,6,14, 4,  2,1,0
2014,9,6,15, 4,  2,1,0
2014,9,6,15, 4,  2,1,0
2014,9,6,15, 4,  2,1,0
2014,9,6,15, 4,  2,1,0
2014,9,6,16, 4,  2,1,0
2014,9,6,16, 4,  2,1,0
2014,9,6,16, 4,  2,1,0
2014,9,6,16, 4,  2,1,0
2014,9,6,17, 4,  2,1,0
2014,9,6,17, 4,  2,1,0
2014,9,6,17, 4,  2,1,0
2014,9,6,17, 4,  2,1,0
2014,9,6,18, 4,  2,1,0
2014,9,6,18, 4,  2,1,0
2014,9,6,18, 4,  2,0,0
2014,9,6,18, 4,  2,0,0
2014,9,6,19, 4,  2,0,0
2014,9,6,19, 4,  2,0,0
2014,9,6,19, 4,  2,0,0
2014,9,6,19, 4,  2,0,0
2014,9,6,20, 4,  2,0,0
2014,9,6,20, 4,  2,0,0
2014,9,6,20, 4,  2,0,0
2014,9,6,20, 4,  2,0,0
2014,9,6,21, 4,  2,0,0
2014,9,6,21, 4,  2,0,0
2014,9,6,21, 4,  2,0,0
2014,9,6,21, 4,  2,0,0
2014,9,6,22, 4,  2,0,0
2014,9,6,22, 4,  2,0,0
2014,9,6,22, 4,  2,0,0
2014,9,6,22, 4,  2,0,0
2014,9,6,23, 4,  2,0,0
2014,9,6,23, 4,  2,0,0
2014,9,6,23, 4,  2,0,0
2014,9,6,23, 4,  2,0,0
2014,9,13,0, 4,  2,0,0
2014,9,13,0, 4,  2,0,0
2014,9,13,0, 4,  2,0,0
2014,9,13,0, 4,  2,0,0
2014,9,13,1, 4,  2,0,0
2014,9,13,1, 4,  2,0,0
2014,9,13,1, 4,  2,0,0
2014,9,13,1, 4,  2,0,0
2014,9,13,2, 4,  2,0,0
2014,9,13,2, 4,  2,0,0
2014,9,13,2, 4,  2,0,0
2014,9,13,2, 4,  2,0,0
2014,9,13,3, 4,  2,0,0
2014,9,13,3, 4,  2,0,0
2014,9,13,3, 4,  2,0,0
2014,9,13,3, 4,  2,0,0
2014,9,13,4, 4,  2,0,0
2014,9,13,4, 4,  2,0,0
2014,9,13,4, 4,  2,0,0
2014,9,13,4, 4,  2,0,0
2014,9,13,5, 4,  2,0,0
2014,9,13,5, 4,  2,0,0
2014,9,13,5, 4,  2,0,0
2014,9,13,5, 4,  2,0,0
2014,9,13,6, 4,  2,0,0
2014,9,13,6, 4,  2,0,0
2014,9,13,6, 4,  2,0,0
2014,9,13,6, 4,  2,0,0
2014,9,13,7, 4,  2,0,0
2014,9,13,7, 4,  2,0,0
2014,9,13,7, 4,  2,0,0
2014,9,13,7, 4,  2,0,0
2014,9,13,8, 4,  2,0,0
2014,9,13,8, 4,  2,0,0
2014,9,13,8, 4,  2,0,0
2014,9,13,8, 4,  2,0,0
2014,9,13,9, 4,  2,0,0
2014,9,13,9, 4,  2,0,0
2014,9,13,9, 4,  2,0,0
2014,9,13,9, 4,  2,0,0
2014,9,13,10, 4,  2,0,0
2014,9,13,10, 4,  2,0,0
2014,9,13,10, 4,  2,0,0
2014,9,13,10, 4,  2,0,0
2014,9,13,11, 4,  2,0,0
2014,9,13,11, 4,  2,0,0
2014,9,13,11, 4,  2,0,0
2014,9,13,11, 4,  2,0,0
2014,9,13,12, 4,  2,0,0
2014,9,13,12, 4,  2,0,0
2014,9,13,12, 4,  2,2,0
2014,9,13,12, 4,  2,2,0
2014,9,13,13, 4,  2,2,0
2014,9,13,13, 4,  2,2,0
2014,9,13,13, 4,  2,2,0
2014,9,13,13, 4,  2,2,0
2014,9,13,14, 4,  2,2,0
2014,9,13,14, 4,  2,2,0
2014,9,13,14, 4,  2,2,0
2014,9,13,14, 4,  2,2,0
2014,9,13,15, 4,  2,2,0
2014,9,13,15, 4,  2,2,0
2014,9,13,15, 4,  2,2,0
2014,9,13,15, 4,  2,2,0
2014,9,13,16, 4,  2,2,0
2014,9,13,16, 4,  2,2,0
2014,9,13,16, 4,  2,2,0
2014,9,13,16, 4,  2,2,0
2014,9,13,17, 4,  2,0,0
2014,9,13,17, 4,  2,0,0
2014,9,13,17, 4,  2,0,0
2014,9,13,17, 4,  2,0,0
2014,9,13,18, 4,  2,0,0
2014,9,13,18, 4,  2,0,0
2014,9,13,18, 4,  2,0,0
2014,9,13,18, 4,  2,0,0
2014,9,13,19, 4,  2,0,0
2014,9,13,19, 4,  2,0,0
2014,9,13,19, 4,  2,0,0
2014,9,13,19, 4,  2,0,0
2014,9,13,20, 4,  2,0,0
2014,9,13,20, 4,  2,0,0
2014,9,13,20, 4,  2,0,0
2014,9,13,20, 4,  2,0,0
2014,9,13,21, 4,  2,0,0
2014,9,13,21, 4,  2,0,0
2014,9,13,21, 4,  2,0,0
2014,9,13,21, 4,  2,0,0
2014,9,13,22, 4,  2,0,0
2014,9,13,22, 4,  2,0,0
2014,9,13,22, 4,  2,0,0
2014,9,13,22, 4,  2,0,0
2014,9,13,23, 4,  2,0,0
2014,9,13,23, 4,  2,0,0
2014,9,13,23, 4,  2,0,0
2014,9,13,23, 4,  2,0,0
2014,9,20,0, 4,  2,0,0
2014,9,20,0, 4,  2,0,0
2014,9,20,0, 4,  2,0,0
2014,9,20,0, 4,  2,0,0
2014,9,20,1, 4,  2,0,0
2014,9,20,1, 4,  2,0,0
2014,9,20,1, 4,  2,0,0
2014,9,20,1, 4,  2,0,0
2014,9,20,2, 4,  2,0,0
2014,9,20,2, 4,  2,0,0
2014,9,20,2, 4,  2,0,0
2014,9,20,2, 4,  2,0,0
2014,9,20,3, 4,  2,0,0
2014,9,20,3, 4,  2,0,0
2014,9,20,3, 4,  2,0,0
2014,9,20,3, 4,  2,0,0
2014,9,20,4, 4,  2,0,0
2014,9,20,4, 4,  2,0,0
2014,9,20,4, 4,  2,0,0
2014,9,20,4, 4,  2,0,0
2014,9,20,5, 4,  2,0,0
2014,9,20,5, 4,  2,0,0
2014,9,20,5, 4,  2,0,0
2014,9,20,5, 4,  2,0,0
2014,9,20,6, 4,  2,0,0
2014,9,20,6, 4,  2,0,0
2014,9,20,6, 4,  2,0,0
2014,9,20,6, 4,  2,0,0
2014,9,20,7, 4,  2,0,0
2014,9,20,7, 4,  2,0,0
2014,9,20,7, 4,  2,0,0
2014,9,20,7, 4,  2,0,0
2014,9,20,8, 4,  2,0,0
2014,9,20,8, 4,  2,0,0
2014,9,20,8, 4,  2,0,0
2014,9,20,8, 4,  2,0,0
2014,9,20,9, 4,  2,0,0
2014,9,20,9, 4,  2,0,0
2014,9,20,9, 4,  2,0,0
2014,9,20,9, 4,  2,0,0
2014,9,20,10, 4,  2,0,0
2014,9,20,10, 4,  2,0,0
2014,9,20,10, 4,  2,0,0
2014,9,20,10, 4,  2,0,0
2014,9,20,11, 4,  2,0,0
2014,9,20,11, 4,  2,0,0
2014,9,20,11, 4,  2,0,0
2014,9,20,11, 4,  2,0,0
2014,9,20,12, 4,  2,0,0
2014,9,20,12, 4,  2,0,0
2014,9,20,12, 4,  2,0,0
2014,9,20,12, 4,  2,0,0
2014,9,20,13, 4,  2,0,0
2014,9,20,13, 4,  2,0,0
2014,9,20,13, 4,  2,0,0
2014,9,20,13, 4,  2,0,0
2014,9,20,14, 4,  2,0,0
2014,9,20,14, 4,  2,0,0
2014,9,20,14, 4,  2,0,0
2014,9,20,14, 4,  2,0,0
2014,9,20,15, 4,  2,0,0
2014,9,20,15, 4,  2,0,0
2014,9,20,15, 4,  2,0,0
2014,9,20,15, 4,  2,0,0
2014,9,20,16, 4,  2,0,0
2014,9,20,16, 4,  2,-1,-1
2014,9,20,16, 4,  2,-1,-1
2014,9,20,16, 4,  2,-1,-1
2014,9,20,17, 4,  2,-1,-1
2014,9,20,17, 4,  2,-1,-1
2014,9,20,17, 4,  2,-1,-1
2014,9,20,17, 4,  2,-1,-1
2014,9,20,18, 4,  2,-1,-1
2014,9,20,18, 4,  2,-1,-1
2014,9,20,18, 4,  2,-1,-1
2014,9,20,18, 4,  2,-1,-1
2014,9,20,19, 4,  2,0,0
2014,9,20,19, 4,  2,0,0
2014,9,20,19, 4,  2,0,0
2014,9,20,19, 4,  2,0,0
2014,9,20,20, 4,  2,0,0
2014,9,20,20, 4,  2,0,0
2014,9,20,20, 4,  2,0,0
2014,9,20,20, 4,  2,0,0
2014,9,20,21, 4,  2,0,0
2014,9,20,21, 4,  2,0,0
2014,9,20,21, 4,  2,0,0
2014,9,20,21, 4,  2,0,0
2014,9,20,22, 4,  2,0,0
2014,9,20,22, 4,  2,0,0
2014,9,20,22, 4,  2,0,0
2014,9,20,22, 4,  2,0,0
2014,9,20,23, 4,  2,0,0
2014,9,20,23, 4,  2,0,0
2014,9,20,23, 4,  2,0,0
2014,9,20,23, 4,  2,0,0
2014,9,27,0, 4,  2,0,0
2014,9,27,0, 4,  2,0,0
2014,9,27,0, 4,  2,0,0
2014,9,27,0, 4,  2,0,0
2014,9,27,1, 4,  2,0,0
2014,9,27,1, 4,  2,0,0
2014,9,27,1, 4,  2,0,0
2014,9,27,1, 4,  2,0,0
2014,9,27,2, 4,  2,0,0
2014,9,27,2, 4,  2,0,0
2014,9,27,2, 4,  2,0,0
2014,9,27,2, 4,  2,0,0
2014,9,27,3, 4,  2,0,0
2014,9,27,3, 4,  2,0,0
2014,9,27,3, 4,  2,0,0
2014,9,27,3, 4,  2,0,0
2014,9,27,4, 4,  2,0,0
2014,9,27,4, 4,  2,0,0
2014,9,27,4, 4,  2,0,0
2014,9,27,4, 4,  2,0,0
2014,9,27,5, 4,  2,0,0
2014,9,27,5, 4,  2,0,0
2014,9,27,5, 4,  2,0,0
2014,9,27,5, 4,  2,0,0
2014,9,27,6, 4,  2,0,0
2014,9,27,6, 4,  2,0,0
2014,9,27,6, 4,  2,2,0
2014,9,27,6, 4,  2,2,0
2014,9,27,7, 4,  2,2,0
2014,9,27,7, 4,  2,2,0
2014,9,27,7, 4,  2,2,0
2014,9,27,7, 4,  2,0,0
2014,9,27,8, 4,  2,0,0
2014,9,27,8, 4,  2,0,0
2014,9,27,8, 4,  2,0,0
2014,9,27,8, 4,  2,0,0
2014,9,27,9, 4,  2,0,0
2014,9,27,9, 4,  2,0,0
2014,9,27,9, 4,  2,0,0
2014,9,27,9, 4,  2,0,0
2014,9,27,10, 4,  2,0,0
2014,9,27,10, 4,  2,0,0
2014,9,27,10, 4,  2,0,0
2014,9,27,10, 4,  2,0,0
2014,9,27,11, 4,  2,0,0
2014,9,27,11, 4,  2,0,0
2014,9,27,11, 4,  2,2,0
2014,9,27,11, 4,  2,2,0
2014,9,27,12, 4,  2,2,0
2014,9,27,12, 4,  2,2,0
2014,9,27,12, 4,  2,2,0
2014,9,27,12, 4,  2,2,0
2014,9,27,13, 4,  2,2,0
2014,9,27,13, 4,  2,2,0
2014,9,27,13, 4,  2,2,0
2014,9,27,13, 4,  2,2,0
2014,9,27,14, 4,  2,2,0
2014,9,27,14, 4,  2,2,0
2014,9,27,14, 4,  2,2,0
2014,9,27,14, 4,  2,2,0
2014,9,27,15, 4,  2,2,1
2014,9,27,15, 4,  2,2,1
2014,9,27,15, 4,  2,2,2
2014,9,27,15, 4,  2,2,2
2014,9,27,16, 4,  2,2,2
2014,9,27,16, 4,  2,2,2
2014,9,27,16, 4,  2,2,0
2014,9,27,16, 4,  2,0,0
2014,9,27,17, 4,  2,0,0
2014,9,27,17, 4,  2,2,2
2014,9,27,17, 4,  2,2,2
2014,9,27,17, 4,  2,0,0
2014,9,27,18, 4,  2,0,0
2014,9,27,18, 4,  2,0,0
2014,9,27,18, 4,  2,0,0
2014,9,27,18, 4,  2,0,0
2014,9,27,19, 4,  2,0,0
2014,9,27,19, 4,  2,0,0
2014,9,27,19, 4,  2,0,0
2014,9,27,19, 4,  2,0,0
2014,9,27,20, 4,  2,0,0
2014,9,27,20, 4,  2,0,0
2014,9,27,20, 4,  2,0,0
2014,9,27,20, 4,  2,0,0
2014,9,27,21, 4,  2,0,0
2014,9,27,21, 4,  2,0,0
2014,9,27,21, 4,  2,0,0
2014,9,27,21, 4,  2,0,0
2014,9,27,22, 4,  2,0,0
2014,9,27,22, 4,  2,0,0
2014,9,27,22, 4,  2,0,0
2014,9,27,22, 4,  2,0,0
2014,9,27,23, 4,  2,0,0
2014,9,27,23, 4,  2,0,0
2014,9,27,23, 4,  2,0,0
2014,9,27,23, 4,  2,0,0
2014,10,4,0, 4,  2,0,0
2014,10,4,0, 4,  2,0,0
2014,10,4,0, 4,  2,0,0
2014,10,4,0, 4,  2,0,0
2014,10,4,1, 4,  2,0,0
2014,10,4,1, 4,  2,0,0
2014,10,4,1, 4,  2,0,0
2014,10,4,1, 4,  2,0,0
2014,10,4,2, 4,  2,0,0
2014,10,4,2, 4,  2,0,0
2014,10,4,2, 4,  2,0,0
2014,10,4,2, 4,  2,0,0
2014,10,4,3, 4,  2,0,0
2014,10,4,3, 4,  2,0,0
2014,10,4,3, 4,  2,0,0
2014,10,4,3, 4,  2,0,0
2014,10,4,4, 4,  2,0,0
2014,10,4,4, 4,  2,0,0
2014,10,4,4, 4,  2,0,0
2014,10,4,4, 4,  2,0,0
2014,10,4,5, 4,  2,0,0
2014,10,4,5, 4,  2,0,0
2014,10,4,5, 4,  2,0,0
2014,10,4,5, 4,  2,0,0
2014,10,4,6, 4,  2,0,0
2014,10,4,6, 4,  2,0,0
2014,10,4,6, 4,  2,0,0
2014,10,4,6, 4,  2,0,0
2014,10,4,7, 4,  2,0,0
2014,10,4,7, 4,  2,0,0
2014,10,4,7, 4,  2,0,0
2014,10,4,7, 4,  2,0,0
2014,10,4,8, 4,  2,0,0
2014,10,4,8, 4,  2,0,0
2014,10,4,8, 4,  2,0,0
2014,10,4,8, 4,  2,0,0
2014,10,4,9, 4,  2,0,0
2014,10,4,9, 4,  2,0,0
2014,10,4,9, 4,  2,0,0
2014,10,4,9, 4,  2,0,0
2014,10,4,10, 4,  2,0,0
2014,10,4,10, 4,  2,0,0
2014,10,4,10, 4,  2,0,0
2014,10,4,10, 4,  2,2,0
2014,10,4,11, 4,  2,2,0
2014,10,4,11, 4,  2,2,0
2014,10,4,11, 4,  2,2,0
2014,10,4,11, 4,  2,2,0
2014,10,4,12, 4,  2,2,0
2014,10,4,12, 4,  2,2,0
2014,10,4,12, 4,  2,2,0
2014,10,4,12, 4,  2,2,0
2014,10,4,13, 4,  2,2,0
2014,10,4,13, 4,  2,2,0
2014,10,4,13, 4,  2,2,0
2014,10,4,13, 4,  2,2,0
2014,10,4,14, 4,  2,2,0
2014,10,4,14, 4,  2,2,0
2014,10,4,14, 4,  2,2,0
2014,10,4,14, 4,  2,2,0
2014,10,4,15, 4,  2,2,0
2014,10,4,15, 4,  2,0,0
2014,10,4,15, 4,  2,0,0
2014,10,4,15, 4,  2,0,0
2014,10,4,16, 4,  2,0,0
2014,10,4,16, 4,  2,0,0
2014,10,4,16, 4,  2,0,0
2014,10,4,16, 4,  2,0,0
2014,10,4,17, 4,  2,0,0
2014,10,4,17, 4,  2,0,0
2014,10,4,17, 4,  2,0,0
2014,10,4,17, 4,  2,0,0
2014,10,4,18, 4,  2,0,0
2014,10,4,18, 4,  2,0,0
2014,10,4,18, 4,  2,0,0
2014,10,4,18, 4,  2,0,0
2014,10,4,19, 4,  2,0,0
2014,10,4,19, 4,  2,0,0
2014,10,4,19, 4,  2,0,0
2014,10,4,19, 4,  2,0,0
2014,10,4,20, 4,  2,0,0
2014,10,4,20, 4,  2,0,0
2014,10,4,20, 4,  2,0,0
2014,10,4,20, 4,  2,0,0
2014,10,4,21, 4,  2,0,0
2014,10,4,21, 4,  2,0,0
2014,10,4,21, 4,  2,0,0
2014,10,4,21, 4,  2,0,0
2014,10,4,22, 4,  2,0,0
2014,10,4,22, 4,  2,0,0
2014,10,4,22, 4,  2,0,0
2014,10,4,22, 4,  2,0,0
2014,10,4,23, 4,  2,0,0
2014,10,4,23, 4,  2,0,0
2014,10,4,23, 4,  2,0,0
2014,10,4,23, 4,  2,0,0
2014,10,11,0, 4,  2,0,0
2014,10,11,0, 4,  2,0,0
2014,10,11,0, 4,  2,0,0
2014,10,11,0, 4,  2,0,0
2014,10,11,1, 4,  2,0,0
2014,10,11,1, 4,  2,0,0
2014,10,11,1, 4,  2,0,0
2014,10,11,1, 4,  2,0,0
2014,10,11,2, 4,  2,0,0
2014,10,11,2, 4,  2,0,0
2014,10,11,2, 4,  2,0,0
2014,10,11,2, 4,  2,0,0
2014,10,11,3, 4,  2,0,0
2014,10,11,3, 4,  2,0,0
2014,10,11,3, 4,  2,0,0
2014,10,11,3, 4,  2,0,0
2014,10,11,4, 4,  2,0,0
2014,10,11,4, 4,  2,0,0
2014,10,11,4, 4,  2,0,0
2014,10,11,4, 4,  2,0,0
2014,10,11,5, 4,  2,0,0
2014,10,11,5, 4,  2,0,0
2014,10,11,5, 4,  2,0,0
2014,10,11,5, 4,  2,0,0
2014,10,11,6, 4,  2,0,0
2014,10,11,6, 4,  2,0,0
2014,10,11,6, 4,  2,0,0
2014,10,11,6, 4,  2,0,0
2014,10,11,7, 4,  2,0,0
2014,10,11,7, 4,  2,0,0
2014,10,11,7, 4,  2,0,0
2014,10,11,7, 4,  2,0,0
2014,10,11,8, 4,  2,0,0
2014,10,11,8, 4,  2,0,0
2014,10,11,8, 4,  2,0,0
2014,10,11,8, 4,  2,0,0
2014,10,11,9, 4,  2,0,0
2014,10,11,9, 4,  2,0,0
2014,10,11,9, 4,  2,1,0
2014,10,11,9, 4,  2,1,0
2014,10,11,10, 4,  2,1,0
2014,10,11,10, 4,  2,1,0
2014,10,11,10, 4,  2,1,0
2014,10,11,10, 4,  2,1,0
2014,10,11,11, 4,  2,1,0
2014,10,11,11, 4,  2,1,0
2014,10,11,11, 4,  2,1,0
2014,10,11,11, 4,  2,1,0
2014,10,11,12, 4,  2,1,0
2014,10,11,12, 4,  2,1,0
2014,10,11,12, 4,  2,1,0
2014,10,11,12, 4,  2,1,0
2014,10,11,13, 4,  2,1,0
2014,10,11,13, 4,  2,1,0
2014,10,11,13, 4,  2,1,0
2014,10,11,13, 4,  2,1,0
2014,10,11,14, 4,  2,1,0
2014,10,11,14, 4,  2,1,0
2014,10,11,14, 4,  2,1,0
2014,10,11,14, 4,  2,1,0
2014,10,11,15, 4,  2,1,0
2014,10,11,15, 4,  2,1,0
2014,10,11,15, 4,  2,1,0
2014,10,11,15, 4,  2,1,0
2014,10,11,16, 4,  2,1,0
2014,10,11,16, 4,  2,1,0
2014,10,11,16, 4,  2,1,0
2014,10,11,16, 4,  2,1,0
2014,10,11,17, 4,  2,1,0
2014,10,11,17, 4,  2,1,0
2014,10,11,17, 4,  2,1,0
2014,10,11,17, 4,  2,2,0
2014,10,11,18, 4,  2,2,0
2014,10,11,18, 4,  2,2,0
2014,10,11,18, 4,  2,2,0
2014,10,11,18, 4,  2,2,0
2014,10,11,19, 4,  2,2,0
2014,10,11,19, 4,  2,2,0
2014,10,11,19, 4,  2,2,0
2014,10,11,19, 4,  2,2,0
2014,10,11,20, 4,  2,2,1
2014,10,11,20, 4,  2,2,1
2014,10,11,20, 4,  2,2,1
2014,10,11,20, 4,  2,2,1
2014,10,11,21, 4,  2,2,1
2014,10,11,21, 4,  2,2,1
2014,10,11,21, 4,  2,1,1
2014,10,11,21, 4,  2,1,1
2014,10,11,22, 4,  2,1,1
2014,10,11,22, 4,  2,1,0
2014,10,11,22, 4,  2,1,0
2014,10,11,22, 4,  2,1,0
2014,10,11,23, 4,  2,1,0
2014,10,11,23, 4,  2,1,0
2014,10,11,23, 4,  2,1,0
2014,10,11,23, 4,  2,1,0
2014,10,18,0, 4,  2,1,1
2014,10,18,0, 4,  2,1,1
2014,10,18,0, 4,  2,1,1
2014,10,18,0, 4,  2,1,1
2014,10,18,1, 4,  2,1,1
2014,10,18,1, 4,  2,1,1
2014,10,18,1, 4,  2,1,1
2014,10,18,1, 4,  2,1,1
2014,10,18,2, 4,  2,1,1
2014,10,18,2, 4,  2,1,1
2014,10,18,2, 4,  2,1,1
2014,10,18,2, 4,  2,1,1
2014,10,18,3, 4,  2,1,1
2014,10,18,3, 4,  2,1,1
2014,10,18,3, 4,  2,1,1
2014,10,18,3, 4,  2,1,1
2014,10,18,4, 4,  2,1,1
2014,10,18,4, 4,  2,1,1
2014,10,18,4, 4,  2,1,1
2014,10,18,4, 4,  2,1,1
2014,10,18,5, 4,  2,1,1
2014,10,18,5, 4,  2,1,1
2014,10,18,5, 4,  2,1,1
2014,10,18,5, 4,  2,1,1
2014,10,18,6, 4,  2,1,1
2014,10,18,6, 4,  2,1,1
2014,10,18,6, 4,  2,1,1
2014,10,18,6, 4,  2,0,0
2014,10,18,7, 4,  2,0,0
2014,10,18,7, 4,  2,0,0
2014,10,18,7, 4,  2,0,0
2014,10,18,7, 4,  2,0,0
2014,10,18,8, 4,  2,0,0
2014,10,18,8, 4,  2,0,0
2014,10,18,8, 4,  2,0,0
2014,10,18,8, 4,  2,0,0
2014,10,18,9, 4,  2,0,0
2014,10,18,9, 4,  2,0,0
2014,10,18,9, 4,  2,0,0
2014,10,18,9, 4,  2,0,0
2014,10,18,10, 4,  2,0,0
2014,10,18,10, 4,  2,0,0
2014,10,18,10, 4,  2,0,0
2014,10,18,10, 4,  2,0,0
2014,10,18,11, 4,  2,0,0
2014,10,18,11, 4,  2,0,0
2014,10,18,11, 4,  2,0,0
2014,10,18,11, 4,  2,0,0
2014,10,18,12, 4,  2,2,0
2014,10,18,12, 4,  2,2,0
2014,10,18,12, 4,  2,2,0
2014,10,18,12, 4,  2,2,0
2014,10,18,13, 4,  2,2,0
2014,10,18,13, 4,  2,2,0
2014,10,18,13, 4,  2,2,0
2014,10,18,13, 4,  2,2,0
2014,10,18,14, 4,  2,2,0
2014,10,18,14, 4,  2,2,0
2014,10,18,14, 4,  2,2,0
2014,10,18,14, 4,  2,2,0
2014,10,18,15, 4,  2,0,0
2014,10,18,15, 4,  2,0,0
2014,10,18,15, 4,  2,0,0
2014,10,18,15, 4,  2,0,0
2014,10,18,16, 4,  2,0,0
2014,10,18,16, 4,  2,0,0
2014,10,18,16, 4,  2,0,0
2014,10,18,16, 4,  2,0,0
2014,10,18,17, 4,  2,0,0
2014,10,18,17, 4,  2,0,0
2014,10,18,17, 4,  2,0,0
2014,10,18,17, 4,  2,0,0
2014,10,18,18, 4,  2,0,0
2014,10,18,18, 4,  2,0,0
2014,10,18,18, 4,  2,0,0
2014,10,18,18, 4,  2,0,0
2014,10,18,19, 4,  2,0,0
2014,10,18,19, 4,  2,0,0
2014,10,18,19, 4,  2,0,0
2014,10,18,19, 4,  2,0,0
2014,10,18,20, 4,  2,0,0
2014,10,18,20, 4,  2,0,0
2014,10,18,20, 4,  2,0,0
2014,10,18,20, 4,  2,0,0
2014,10,18,21, 4,  2,0,0
2014,10,18,21, 4,  2,0,0
2014,10,18,21, 4,  2,0,0
2014,10,18,21, 4,  2,0,0
2014,10,18,22, 4,  2,0,0
2014,10,18,22, 4,  2,0,0
2014,10,18,22, 4,  2,0,0
2014,10,18,22, 4,  2,0,0
2014,10,18,23, 4,  2,0,0
2014,10,18,23, 4,  2,0,0
2014,10,18,23, 4,  2,0,0
2014,10,18,23, 4,  2,0,0
2014,10,25,0, 4,  2,0,0
2014,10,25,0, 4,  2,0,0
2014,10,25,0, 4,  2,0,0
2014,10,25,0, 4,  2,0,0
2014,10,25,1, 4,  2,0,0
2014,10,25,1, 4,  2,0,0
2014,10,25,1, 4,  2,0,0
2014,10,25,1, 4,  2,0,0
2014,10,25,2, 4,  2,0,0
2014,10,25,2, 4,  2,0,0
2014,10,25,2, 4,  2,0,0
2014,10,25,2, 4,  2,0,0
2014,10,25,3, 4,  2,0,0
2014,10,25,3, 4,  2,0,0
2014,10,25,3, 4,  2,0,0
2014,10,25,3, 4,  2,0,0
2014,10,25,4, 4,  2,0,0
2014,10,25,4, 4,  2,0,0
2014,10,25,4, 4,  2,0,0
2014,10,25,4, 4,  2,0,0
2014,10,25,5, 4,  2,0,0
2014,10,25,5, 4,  2,0,0
2014,10,25,5, 4,  2,0,0
2014,10,25,5, 4,  2,0,0
2014,10,25,6, 4,  2,0,0
2014,10,25,6, 4,  2,0,0
2014,10,25,6, 4,  2,0,0
2014,10,25,6, 4,  2,0,0
2014,10,25,7, 4,  2,0,0
2014,10,25,7, 4,  2,0,0
2014,10,25,7, 4,  2,0,0
2014,10,25,7, 4,  2,0,0
2014,10,25,8, 4,  2,0,0
2014,10,25,8, 4,  2,0,0
2014,10,25,8, 4,  2,0,0
2014,10,25,8, 4,  2,0,0
2014,10,25,9, 4,  2,0,0
2014,10,25,9, 4,  2,0,0
2014,10,25,9, 4,  2,0,0
2014,10,25,9, 4,  2,0,0
2014,10,25,10, 4,  2,0,0
2014,10,25,10, 4,  2,0,0
2014,10,25,10, 4,  2,0,0
2014,10,25,10, 4,  2,0,0
2014,10,25,11, 4,  2,0,0
2014,10,25,11, 4,  2,0,0
2014,10,25,11, 4,  2,0,0
2014,10,25,11, 4,  2,0,0
2014,10,25,12, 4,  2,0,0
2014,10,25,12, 4,  2,0,0
2014,10,25,12, 4,  2,0,0
2014,10,25,12, 4,  2,0,0
2014,10,25,13, 4,  2,0,0
2014,10,25,13, 4,  2,0,0
2014,10,25,13, 4,  2,0,0
2014,10,25,13, 4,  2,0,0
2014,10,25,14, 4,  2,0,0
2014,10,25,14, 4,  2,0,0
2014,10,25,14, 4,  2,0,0
2014,10,25,14, 4,  2,0,0
2014,10,25,15, 4,  2,0,0
2014,10,25,15, 4,  2,0,0
2014,10,25,15, 4,  2,0,0
2014,10,25,15, 4,  2,0,0
2014,10,25,16, 4,  2,0,0
2014,10,25,16, 4,  2,0,0
2014,10,25,16, 4,  2,0,0
2014,10,25,16, 4,  2,0,0
2014,10,25,17, 4,  2,0,0
2014,10,25,17, 4,  2,0,0
2014,10,25,17, 4,  2,0,0
2014,10,25,17, 4,  2,0,0
2014,10,25,18, 4,  2,0,0
2014,10,25,18, 4,  2,0,0
2014,10,25,18, 4,  2,0,0
2014,10,25,18, 4,  2,0,0
2014,10,25,19, 4,  2,0,0
2014,10,25,19, 4,  2,0,0
2014,10,25,19, 4,  2,0,0
2014,10,25,19, 4,  2,0,0
2014,10,25,20, 4,  2,0,0
2014,10,25,20, 4,  2,0,0
2014,10,25,20, 4,  2,0,0
2014,10,25,20, 4,  2,0,0
2014,10,25,21, 4,  2,0,0
2014,10,25,21, 4,  2,0,0
2014,10,25,21, 4,  2,0,0
2014,10,25,21, 4,  2,0,0
2014,10,25,22, 4,  2,0,0
2014,10,25,22, 4,  2,0,0
2014,10,25,22, 4,  2,0,0
2014,10,25,22, 4,  2,0,0
2014,10,25,23, 4,  2,0,0
2014,10,25,23, 4,  2,0,0
2014,10,25,23, 4,  2,0,0
2014,10,25,23, 4,  2,0,0
2014,11,1,0, 4,  2,0,0
2014,11,1,0, 4,  2,0,0
2014,11,1,0, 4,  2,0,0
2014,11,1,0, 4,  2,0,0
2014,11,1,1, 4,  2,0,0
2014,11,1,1, 4,  2,0,0
2014,11,1,1, 4,  2,0,0
2014,11,1,1, 4,  2,0,0
2014,11,1,2, 4,  2,0,0
2014,11,1,2, 4,  2,0,0
2014,11,1,2, 4,  2,0,0
2014,11,1,2, 4,  2,0,0
2014,11,1,3, 4,  2,0,0
2014,11,1,3, 4,  2,0,0
2014,11,1,3, 4,  2,0,0
2014,11,1,3, 4,  2,0,0
2014,11,1,4, 4,  2,0,0
2014,11,1,4, 4,  2,0,0
2014,11,1,4, 4,  2,0,0
2014,11,1,4, 4,  2,0,0
2014,11,1,5, 4,  2,0,0
2014,11,1,5, 4,  2,0,0
2014,11,1,5, 4,  2,0,0
2014,11,1,5, 4,  2,0,0
2014,11,1,6, 4,  2,0,0
2014,11,1,6, 4,  2,0,0
2014,11,1,6, 4,  2,0,0
2014,11,1,6, 4,  2,0,0
2014,11,1,7, 4,  2,0,0
2014,11,1,7, 4,  2,0,0
2014,11,1,7, 4,  2,0,0
2014,11,1,7, 4,  2,0,0
2014,11,1,8, 4,  2,0,0
2014,11,1,8, 4,  2,0,0
2014,11,1,8, 4,  2,0,0
2014,11,1,8, 4,  2,0,0
2014,11,1,9, 4,  2,0,0
2014,11,1,9, 4,  2,0,0
2014,11,1,9, 4,  2,0,0
2014,11,1,9, 4,  2,0,0
2014,11,1,10, 4,  2,0,0
2014,11,1,10, 4,  2,0,0
2014,11,1,10, 4,  2,0,0
2014,11,1,10, 4,  2,0,0
2014,11,1,11, 4,  2,0,0
2014,11,1,11, 4,  2,0,0
2014,11,1,11, 4,  2,0,0
2014,11,1,11, 4,  2,0,0
2014,11,1,12, 4,  2,0,0
2014,11,1,12, 4,  2,0,0
2014,11,1,12, 4,  2,0,0
2014,11,1,12, 4,  2,0,0
2014,11,1,13, 4,  2,0,0
2014,11,1,13, 4,  2,0,0
2014,11,1,13, 4,  2,0,0
2014,11,1,13, 4,  2,0,0
2014,11,1,14, 4,  2,0,0
2014,11,1,14, 4,  2,0,0
2014,11,1,14, 4,  2,0,0
2014,11,1,14, 4,  2,0,0
2014,11,1,15, 4,  2,0,0
2014,11,1,15, 4,  2,0,0
2014,11,1,15, 4,  2,0,0
2014,11,1,15, 4,  2,0,0
2014,11,1,16, 4,  2,0,0
2014,11,1,16, 4,  2,0,0
2014,11,1,16, 4,  2,0,0
2014,11,1,16, 4,  2,0,0
2014,11,1,17, 4,  2,0,0
2014,11,1,17, 4,  2,0,0
2014,11,1,17, 4,  2,0,0
2014,11,1,17, 4,  2,0,0
2014,11,1,18, 4,  2,0,0
2014,11,1,18, 4,  2,0,0
2014,11,1,18, 4,  2,0,0
2014,11,1,18, 4,  2,0,0
2014,11,1,19, 4,  2,0,0
2014,11,1,19, 4,  2,0,0
2014,11,1,19, 4,  2,0,0
2014,11,1,19, 4,  2,0,0
2014,11,1,20, 4,  2,0,0
2014,11,1,20, 4,  2,0,0
2014,11,1,20, 4,  2,0,0
2014,11,1,20, 4,  2,0,0
2014,11,1,21, 4,  2,0,0
2014,11,1,21, 4,  2,0,0
2014,11,1,21, 4,  2,0,0
2014,11,1,21, 4,  2,0,0
2014,11,1,22, 4,  2,0,0
2014,11,1,22, 4,  2,0,0
2014,11,1,22, 4,  2,0,0
2014,11,1,22, 4,  2,0,0
2014,11,1,23, 4,  2,0,0
2014,11,1,23, 4,  2,0,0
2014,11,1,23, 4,  2,0,0
2014,11,1,23, 4,  2,0,0
2014,11,8,0, 4,  2,0,1
2014,11,8,0, 4,  2,0,1
2014,11,8,0, 4,  2,0,1
2014,11,8,0, 4,  2,0,1
2014,11,8,1, 4,  2,0,1
2014,11,8,1, 4,  2,0,1
2014,11,8,1, 4,  2,0,1
2014,11,8,1, 4,  2,0,1
2014,11,8,2, 4,  2,0,1
2014,11,8,2, 4,  2,0,1
2014,11,8,2, 4,  2,0,1
2014,11,8,2, 4,  2,0,1
2014,11,8,3, 4,  2,0,1
2014,11,8,3, 4,  2,0,1
2014,11,8,3, 4,  2,0,1
2014,11,8,3, 4,  2,0,1
2014,11,8,4, 4,  2,0,1
2014,11,8,4, 4,  2,0,1
2014,11,8,4, 4,  2,0,1
2014,11,8,4, 4,  2,0,1
2014,11,8,5, 4,  2,0,1
2014,11,8,5, 4,  2,0,0
2014,11,8,5, 4,  2,0,0
2014,11,8,5, 4,  2,0,0
2014,11,8,6, 4,  2,0,0
2014,11,8,6, 4,  2,0,0
2014,11,8,6, 4,  2,0,0
2014,11,8,6, 4,  2,0,0
2014,11,8,7, 4,  2,0,0
2014,11,8,7, 4,  2,0,0
2014,11,8,7, 4,  2,0,0
2014,11,8,7, 4,  2,0,0
2014,11,8,8, 4,  2,0,0
2014,11,8,8, 4,  2,0,0
2014,11,8,8, 4,  2,0,0
2014,11,8,8, 4,  2,0,0
2014,11,8,9, 4,  2,-1,-1
2014,11,8,9, 4,  2,0,0
2014,11,8,9, 4,  2,0,0
2014,11,8,9, 4,  2,0,0
2014,11,8,10, 4,  2,0,0
2014,11,8,10, 4,  2,0,0
2014,11,8,10, 4,  2,0,0
2014,11,8,10, 4,  2,0,0
2014,11,8,11, 4,  2,0,0
2014,11,8,11, 4,  2,0,0
2014,11,8,11, 4,  2,0,0
2014,11,8,11, 4,  2,0,0
2014,11,8,12, 4,  2,0,0
2014,11,8,12, 4,  2,0,0
2014,11,8,12, 4,  2,0,0
2014,11,8,12, 4,  2,0,0
2014,11,8,13, 4,  2,2,0
2014,11,8,13, 4,  2,2,0
2014,11,8,13, 4,  2,2,0
2014,11,8,13, 4,  2,2,0
2014,11,8,14, 4,  2,2,0
2014,11,8,14, 4,  2,2,0
2014,11,8,14, 4,  2,1,0
2014,11,8,14, 4,  2,1,0
2014,11,8,15, 4,  2,1,0
2014,11,8,15, 4,  2,1,0
2014,11,8,15, 4,  2,1,0
2014,11,8,15, 4,  2,1,0
2014,11,8,16, 4,  2,1,0
2014,11,8,16, 4,  2,1,0
2014,11,8,16, 4,  2,1,0
2014,11,8,16, 4,  2,1,0
2014,11,8,17, 4,  2,1,0
2014,11,8,17, 4,  2,1,0
2014,11,8,17, 4,  2,1,0
2014,11,8,17, 4,  2,1,0
2014,11,8,18, 4,  2,1,0
2014,11,8,18, 4,  2,1,0
2014,11,8,18, 4,  2,1,0
2014,11,8,18, 4,  2,1,0
2014,11,8,19, 4,  2,1,0
2014,11,8,19, 4,  2,1,0
2014,11,8,19, 4,  2,1,0
2014,11,8,19, 4,  2,1,0
2014,11,8,20, 4,  2,1,0
2014,11,8,20, 4,  2,1,0
2014,11,8,20, 4,  2,1,0
2014,11,8,20, 4,  2,0,0
2014,11,8,21, 4,  2,0,0
2014,11,8,21, 4,  2,0,0
2014,11,8,21, 4,  2,0,0
2014,11,8,21, 4,  2,0,0
2014,11,8,22, 4,  2,0,0
2014,11,8,22, 4,  2,0,0
2014,11,8,22, 4,  2,0,0
2014,11,8,22, 4,  2,0,0
2014,11,8,23, 4,  2,0,0
2014,11,8,23, 4,  2,0,0
2014,11,8,23, 4,  2,0,0
2014,11,8,23, 4,  2,0,0
2014,11,15,0, 4,  2,0,0
2014,11,15,0, 4,  2,0,0
2014,11,15,0, 4,  2,0,0
2014,11,15,0, 4,  2,0,0
2014,11,15,1, 4,  2,0,0
2014,11,15,1, 4,  2,0,0
2014,11,15,1, 4,  2,0,0
2014,11,15,1, 4,  2,0,0
2014,11,15,2, 4,  2,0,0
2014,11,15,2, 4,  2,0,0
2014,11,15,2, 4,  2,0,0
2014,11,15,2, 4,  2,0,0
2014,11,15,3, 4,  2,0,0
2014,11,15,3, 4,  2,0,0
2014,11,15,3, 4,  2,0,0
2014,11,15,3, 4,  2,0,0
2014,11,15,4, 4,  2,0,0
2014,11,15,4, 4,  2,0,0
2014,11,15,4, 4,  2,0,0
2014,11,15,4, 4,  2,0,0
2014,11,15,5, 4,  2,0,0
2014,11,15,5, 4,  2,0,0
2014,11,15,5, 4,  2,0,0
2014,11,15,5, 4,  2,0,0
2014,11,15,6, 4,  2,0,0
2014,11,15,6, 4,  2,0,0
2014,11,15,6, 4,  2,0,0
2014,11,15,6, 4,  2,0,0
2014,11,15,7, 4,  2,0,0
2014,11,15,7, 4,  2,0,0
2014,11,15,7, 4,  2,0,0
2014,11,15,7, 4,  2,0,0
2014,11,15,8, 4,  2,0,0
2014,11,15,8, 4,  2,0,0
2014,11,15,8, 4,  2,0,0
2014,11,15,8, 4,  2,1,0
2014,11,15,9, 4,  2,1,0
2014,11,15,9, 4,  2,1,0
2014,11,15,9, 4,  2,1,0
2014,11,15,9, 4,  2,1,0
2014,11,15,10, 4,  2,1,0
2014,11,15,10, 4,  2,1,0
2014,11,15,10, 4,  2,1,0
2014,11,15,10, 4,  2,1,0
2014,11,15,11, 4,  2,1,0
2014,11,15,11, 4,  2,1,0
2014,11,15,11, 4,  2,1,0
2014,11,15,11, 4,  2,1,0
2014,11,15,12, 4,  2,1,0
2014,11,15,12, 4,  2,1,0
2014,11,15,12, 4,  2,1,0
2014,11,15,12, 4,  2,1,0
2014,11,15,13, 4,  2,1,0
2014,11,15,13, 4,  2,1,0
2014,11,15,13, 4,  2,1,0
2014,11,15,13, 4,  2,1,0
2014,11,15,14, 4,  2,1,0
2014,11,15,14, 4,  2,1,0
2014,11,15,14, 4,  2,1,0
2014,11,15,14, 4,  2,1,0
2014,11,15,15, 4,  2,1,0
2014,11,15,15, 4,  2,1,0
2014,11,15,15, 4,  2,1,0
2014,11,15,15, 4,  2,1,0
2014,11,15,16, 4,  2,1,0
2014,11,15,16, 4,  2,1,0
2014,11,15,16, 4,  2,1,0
2014,11,15,16, 4,  2,1,0
2014,11,15,17, 4,  2,1,0
2014,11,15,17, 4,  2,1,0
2014,11,15,17, 4,  2,1,0
2014,11,15,17, 4,  2,1,0
2014,11,15,18, 4,  2,1,0
2014,11,15,18, 4,  2,1,0
2014,11,15,18, 4,  2,1,0
2014,11,15,18, 4,  2,1,0
2014,11,15,19, 4,  2,1,0
2014,11,15,19, 4,  2,1,0
2014,11,15,19, 4,  2,1,0
2014,11,15,19, 4,  2,1,0
2014,11,15,20, 4,  2,1,0
2014,11,15,20, 4,  2,1,0
2014,11,15,20, 4,  2,1,0
2014,11,15,20, 4,  2,1,0
2014,11,15,21, 4,  2,1,0
2014,11,15,21, 4,  2,1,0
2014,11,15,21, 4,  2,1,0
2014,11,15,21, 4,  2,0,0
2014,11,15,22, 4,  2,0,0
2014,11,15,22, 4,  2,0,0
2014,11,15,22, 4,  2,0,0
2014,11,15,22, 4,  2,0,0
2014,11,15,23, 4,  2,0,0
2014,11,15,23, 4,  2,0,0
2014,11,15,23, 4,  2,0,0
2014,11,15,23, 4,  2,0,0
2014,11,22,0, 4,  2,0,0
2014,11,22,0, 4,  2,0,0
2014,11,22,0, 4,  2,0,0
2014,11,22,0, 4,  2,0,0
2014,11,22,1, 4,  2,0,0
2014,11,22,1, 4,  2,0,0
2014,11,22,1, 4,  2,0,0
2014,11,22,1, 4,  2,0,0
2014,11,22,2, 4,  2,0,0
2014,11,22,2, 4,  2,0,0
2014,11,22,2, 4,  2,0,0
2014,11,22,2, 4,  2,0,0
2014,11,22,3, 4,  2,0,0
2014,11,22,3, 4,  2,0,0
2014,11,22,3, 4,  2,0,0
2014,11,22,3, 4,  2,0,0
2014,11,22,4, 4,  2,0,0
2014,11,22,4, 4,  2,0,0
2014,11,22,4, 4,  2,0,0
2014,11,22,4, 4,  2,0,0
2014,11,22,5, 4,  2,0,0
2014,11,22,5, 4,  2,0,0
2014,11,22,5, 4,  2,0,0
2014,11,22,5, 4,  2,0,0
2014,11,22,6, 4,  2,0,0
2014,11,22,6, 4,  2,0,0
2014,11,22,6, 4,  2,0,0
2014,11,22,6, 4,  2,0,0
2014,11,22,7, 4,  2,0,0
2014,11,22,7, 4,  2,0,0
2014,11,22,7, 4,  2,0,0
2014,11,22,7, 4,  2,0,0
2014,11,22,8, 4,  2,0,0
2014,11,22,8, 4,  2,1,0
2014,11,22,8, 4,  2,1,0
2014,11,22,8, 4,  2,1,0
2014,11,22,9, 4,  2,1,0
2014,11,22,9, 4,  2,2,0
2014,11,22,9, 4,  2,2,0
2014,11,22,9, 4,  2,2,0
2014,11,22,10, 4,  2,2,0
2014,11,22,10, 4,  2,2,0
2014,11,22,10, 4,  2,1,0
2014,11,22,10, 4,  2,1,0
2014,11,22,11, 4,  2,1,0
2014,11,22,11, 4,  2,1,0
2014,11,22,11, 4,  2,1,0
2014,11,22,11, 4,  2,1,0
2014,11,22,12, 4,  2,1,0
2014,11,22,12, 4,  2,1,0
2014,11,22,12, 4,  2,1,0
2014,11,22,12, 4,  2,2,0
2014,11,22,13, 4,  2,2,0
2014,11,22,13, 4,  2,2,0
2014,11,22,13, 4,  2,2,0
2014,11,22,13, 4,  2,2,0
2014,11,22,14, 4,  2,2,0
2014,11,22,14, 4,  2,2,0
2014,11,22,14, 4,  2,2,0
2014,11,22,14, 4,  2,2,0
2014,11,22,15, 4,  2,2,0
2014,11,22,15, 4,  2,2,0
2014,11,22,15, 4,  2,2,0
2014,11,22,15, 4,  2,2,0
2014,11,22,16, 4,  2,2,0
2014,11,22,16, 4,  2,2,0
2014,11,22,16, 4,  2,2,0
2014,11,22,16, 4,  2,2,0
2014,11,22,17, 4,  2,0,0
2014,11,22,17, 4,  2,0,0
2014,11,22,17, 4,  2,0,0
2014,11,22,17, 4,  2,0,0
2014,11,22,18, 4,  2,0,0
2014,11,22,18, 4,  2,0,0
2014,11,22,18, 4,  2,0,0
2014,11,22,18, 4,  2,0,0
2014,11,22,19, 4,  2,0,0
2014,11,22,19, 4,  2,0,0
2014,11,22,19, 4,  2,0,0
2014,11,22,19, 4,  2,0,0
2014,11,22,20, 4,  2,0,0
2014,11,22,20, 4,  2,0,0
2014,11,22,20, 4,  2,0,0
2014,11,22,20, 4,  2,0,0
2014,11,22,21, 4,  2,0,0
2014,11,22,21, 4,  2,0,0
2014,11,22,21, 4,  2,0,0
2014,11,22,21, 4,  2,0,0
2014,11,22,22, 4,  2,0,0
2014,11,22,22, 4,  2,0,0
2014,11,22,22, 4,  2,0,0
2014,11,22,22, 4,  2,0,0
2014,11,22,23, 4,  2,0,0
2014,11,22,23, 4,  2,0,0
2014,11,22,23, 4,  2,0,0
2014,11,22,23, 4,  2,0,0
2014,11,29,0, 4,  2,1,0
2014,11,29,0, 4,  2,0,0
2014,11,29,0, 4,  2,0,0
2014,11,29,0, 4,  2,0,0
2014,11,29,1, 4,  2,0,0
2014,11,29,1, 4,  2,0,0
2014,11,29,1, 4,  2,0,0
2014,11,29,1, 4,  2,0,0
2014,11,29,2, 4,  2,0,0
2014,11,29,2, 4,  2,0,0
2014,11,29,2, 4,  2,0,0
2014,11,29,2, 4,  2,0,0
2014,11,29,3, 4,  2,0,0
2014,11,29,3, 4,  2,0,0
2014,11,29,3, 4,  2,0,0
2014,11,29,3, 4,  2,0,0
2014,11,29,4, 4,  2,0,0
2014,11,29,4, 4,  2,0,0
2014,11,29,4, 4,  2,0,0
2014,11,29,4, 4,  2,0,0
2014,11,29,5, 4,  2,0,0
2014,11,29,5, 4,  2,0,0
2014,11,29,5, 4,  2,0,0
2014,11,29,5, 4,  2,0,0
2014,11,29,6, 4,  2,0,0
2014,11,29,6, 4,  2,0,0
2014,11,29,6, 4,  2,0,0
2014,11,29,6, 4,  2,0,0
2014,11,29,7, 4,  2,0,0
2014,11,29,7, 4,  2,0,0
2014,11,29,7, 4,  2,0,0
2014,11,29,7, 4,  2,0,0
2014,11,29,8, 4,  2,0,0
2014,11,29,8, 4,  2,0,0
2014,11,29,8, 4,  2,0,0
2014,11,29,8, 4,  2,0,0
2014,11,29,9, 4,  2,0,0
2014,11,29,9, 4,  2,0,0
2014,11,29,9, 4,  2,0,0
2014,11,29,9, 4,  2,0,0
2014,11,29,10, 4,  2,0,0
2014,11,29,10, 4,  2,0,0
2014,11,29,10, 4,  2,0,0
2014,11,29,10, 4,  2,0,0
2014,11,29,11, 4,  2,0,0
2014,11,29,11, 4,  2,0,0
2014,11,29,11, 4,  2,0,0
2014,11,29,11, 4,  2,0,0
2014,11,29,12, 4,  2,0,0
2014,11,29,12, 4,  2,0,0
2014,11,29,12, 4,  2,2,0
2014,11,29,12, 4,  2,2,0
2014,11,29,13, 4,  2,2,0
2014,11,29,13, 4,  2,2,0
2014,11,29,13, 4,  2,2,0
2014,11,29,13, 4,  2,2,0
2014,11,29,14, 4,  2,2,0
2014,11,29,14, 4,  2,2,0
2014,11,29,14, 4,  2,0,0
2014,11,29,14, 4,  2,0,0
2014,11,29,15, 4,  2,0,0
2014,11,29,15, 4,  2,0,0
2014,11,29,15, 4,  2,0,0
2014,11,29,15, 4,  2,0,0
2014,11,29,16, 4,  2,0,0
2014,11,29,16, 4,  2,0,0
2014,11,29,16, 4,  2,0,0
2014,11,29,16, 4,  2,0,0
2014,11,29,17, 4,  2,0,0
2014,11,29,17, 4,  2,0,0
2014,11,29,17, 4,  2,0,0
2014,11,29,17, 4,  2,0,2
2014,11,29,18, 4,  2,0,2
2014,11,29,18, 4,  2,0,2
2014,11,29,18, 4,  2,2,0
2014,11,29,18, 4,  2,2,0
2014,11,29,19, 4,  2,2,0
2014,11,29,19, 4,  2,2,0
2014,11,29,19, 4,  2,0,0
2014,11,29,19, 4,  2,0,0
2014,11,29,20, 4,  2,0,0
2014,11,29,20, 4,  2,0,0
2014,11,29,20, 4,  2,0,0
2014,11,29,20, 4,  2,0,0
2014,11,29,21, 4,  2,0,0
2014,11,29,21, 4,  2,0,0
2014,11,29,21, 4,  2,0,0
2014,11,29,21, 4,  2,0,0
2014,11,29,22, 4,  2,0,0
2014,11,29,22, 4,  2,0,0
2014,11,29,22, 4,  2,0,0
2014,11,29,22, 4,  2,0,0
2014,11,29,23, 4,  2,0,0
2014,11,29,23, 4,  2,0,0
2014,11,29,23, 4,  2,0,0
2014,11,29,23, 4,  2,0,0
2014,12,6,0, 4,  2,0,1
2014,12,6,0, 4,  2,0,1
2014,12,6,0, 4,  2,0,1
2014,12,6,0, 4,  2,0,1
2014,12,6,1, 4,  2,0,1
2014,12,6,1, 4,  2,0,0
2014,12,6,1, 4,  2,0,0
2014,12,6,1, 4,  2,0,0
2014,12,6,2, 4,  2,0,0
2014,12,6,2, 4,  2,0,0
2014,12,6,2, 4,  2,0,0
2014,12,6,2, 4,  2,0,0
2014,12,6,3, 4,  2,0,0
2014,12,6,3, 4,  2,0,0
2014,12,6,3, 4,  2,0,0
2014,12,6,3, 4,  2,0,0
2014,12,6,4, 4,  2,0,0
2014,12,6,4, 4,  2,0,0
2014,12,6,4, 4,  2,0,0
2014,12,6,4, 4,  2,0,0
2014,12,6,5, 4,  2,0,0
2014,12,6,5, 4,  2,0,0
2014,12,6,5, 4,  2,0,0
2014,12,6,5, 4,  2,0,0
2014,12,6,6, 4,  2,0,0
2014,12,6,6, 4,  2,0,0
2014,12,6,6, 4,  2,0,0
2014,12,6,6, 4,  2,0,0
2014,12,6,7, 4,  2,0,0
2014,12,6,7, 4,  2,0,0
2014,12,6,7, 4,  2,0,0
2014,12,6,7, 4,  2,0,0
2014,12,6,8, 4,  2,0,0
2014,12,6,8, 4,  2,0,0
2014,12,6,8, 4,  2,0,0
2014,12,6,8, 4,  2,0,0
2014,12,6,9, 4,  2,0,0
2014,12,6,9, 4,  2,0,0
2014,12,6,9, 4,  2,2,0
2014,12,6,9, 4,  2,2,0
2014,12,6,10, 4,  2,2,0
2014,12,6,10, 4,  2,2,0
2014,12,6,10, 4,  2,2,0
2014,12,6,10, 4,  2,2,0
2014,12,6,11, 4,  2,2,0
2014,12,6,11, 4,  2,2,0
2014,12,6,11, 4,  2,2,0
2014,12,6,11, 4,  2,0,0
2014,12,6,12, 4,  2,0,0
2014,12,6,12, 4,  2,0,0
2014,12,6,12, 4,  2,2,0
2014,12,6,12, 4,  2,2,0
2014,12,6,13, 4,  2,0,0
2014,12,6,13, 4,  2,0,0
2014,12,6,13, 4,  2,0,0
2014,12,6,13, 4,  2,0,0
2014,12,6,14, 4,  2,0,0
2014,12,6,14, 4,  2,0,0
2014,12,6,14, 4,  2,0,0
2014,12,6,14, 4,  2,0,0
2014,12,6,15, 4,  2,0,0
2014,12,6,15, 4,  2,0,0
2014,12,6,15, 4,  2,0,0
2014,12,6,15, 4,  2,0,0
2014,12,6,16, 4,  2,0,0
2014,12,6,16, 4,  2,0,0
2014,12,6,16, 4,  2,0,0
2014,12,6,16, 4,  2,0,0
2014,12,6,17, 4,  2,0,0
2014,12,6,17, 4,  2,0,0
2014,12,6,17, 4,  2,0,0
2014,12,6,17, 4,  2,0,0
2014,12,6,18, 4,  2,0,0
2014,12,6,18, 4,  2,0,0
2014,12,6,18, 4,  2,0,0
2014,12,6,18, 4,  2,0,0
2014,12,6,19, 4,  2,0,0
2014,12,6,19, 4,  2,0,0
2014,12,6,19, 4,  2,0,0
2014,12,6,19, 4,  2,0,0
2014,12,6,20, 4,  2,0,0
2014,12,6,20, 4,  2,0,0
2014,12,6,20, 4,  2,0,0
2014,12,6,20, 4,  2,0,0
2014,12,6,21, 4,  2,0,0
2014,12,6,21, 4,  2,0,0
2014,12,6,21, 4,  2,0,0
2014,12,6,21, 4,  2,0,0
2014,12,6,22, 4,  2,0,0
2014,12,6,22, 4,  2,0,0
2014,12,6,22, 4,  2,0,0
2014,12,6,22, 4,  2,0,0
2014,12,6,23, 4,  2,0,0
2014,12,6,23, 4,  2,0,0
2014,12,6,23, 4,  2,0,0
2014,12,6,23, 4,  2,0,0
2014,12,13,0, 4,  2,0,1
2014,12,13,0, 4,  2,0,1
2014,12,13,0, 4,  2,0,1
2014,12,13,0, 4,  2,0,1
2014,12,13,1, 4,  2,0,1
2014,12,13,1, 4,  2,0,1
2014,12,13,1, 4,  2,0,1
2014,12,13,1, 4,  2,0,1
2014,12,13,2, 4,  2,0,1
2014,12,13,2, 4,  2,0,0
2014,12,13,2, 4,  2,0,0
2014,12,13,2, 4,  2,0,0
2014,12,13,3, 4,  2,0,0
2014,12,13,3, 4,  2,0,0
2014,12,13,3, 4,  2,0,0
2014,12,13,3, 4,  2,0,0
2014,12,13,4, 4,  2,0,0
2014,12,13,4, 4,  2,0,0
2014,12,13,4, 4,  2,0,0
2014,12,13,4, 4,  2,0,0
2014,12,13,5, 4,  2,0,0
2014,12,13,5, 4,  2,0,0
2014,12,13,5, 4,  2,0,0
2014,12,13,5, 4,  2,0,0
2014,12,13,6, 4,  2,0,0
2014,12,13,6, 4,  2,0,0
2014,12,13,6, 4,  2,0,0
2014,12,13,6, 4,  2,0,0
2014,12,13,7, 4,  2,0,0
2014,12,13,7, 4,  2,0,0
2014,12,13,7, 4,  2,0,0
2014,12,13,7, 4,  2,0,0
2014,12,13,8, 4,  2,0,0
2014,12,13,8, 4,  2,0,0
2014,12,13,8, 4,  2,0,0
2014,12,13,8, 4,  2,0,0
2014,12,13,9, 4,  2,0,0
2014,12,13,9, 4,  2,0,0
2014,12,13,9, 4,  2,0,0
2014,12,13,9, 4,  2,0,0
2014,12,13,10, 4,  2,0,0
2014,12,13,10, 4,  2,0,0
2014,12,13,10, 4,  2,0,0
2014,12,13,10, 4,  2,0,0
2014,12,13,11, 4,  2,0,0
2014,12,13,11, 4,  2,0,0
2014,12,13,11, 4,  2,0,0
2014,12,13,11, 4,  2,0,0
2014,12,13,12, 4,  2,0,0
2014,12,13,12, 4,  2,0,0
2014,12,13,12, 4,  2,0,0
2014,12,13,12, 4,  2,0,0
2014,12,13,13, 4,  2,0,0
2014,12,13,13, 4,  2,0,0
2014,12,13,13, 4,  2,2,0
2014,12,13,13, 4,  2,2,0
2014,12,13,14, 4,  2,0,0
2014,12,13,14, 4,  2,0,0
2014,12,13,14, 4,  2,0,0
2014,12,13,14, 4,  2,0,0
2014,12,13,15, 4,  2,0,0
2014,12,13,15, 4,  2,0,0
2014,12,13,15, 4,  2,0,0
2014,12,13,15, 4,  2,0,0
2014,12,13,16, 4,  2,0,0
2014,12,13,16, 4,  2,0,0
2014,12,13,16, 4,  2,0,0
2014,12,13,16, 4,  2,0,0
2014,12,13,17, 4,  2,0,0
2014,12,13,17, 4,  2,0,0
2014,12,13,17, 4,  2,0,0
2014,12,13,17, 4,  2,0,0
2014,12,13,18, 4,  2,0,0
2014,12,13,18, 4,  2,0,0
2014,12,13,18, 4,  2,0,0
2014,12,13,18, 4,  2,0,0
2014,12,13,19, 4,  2,0,0
2014,12,13,19, 4,  2,0,0
2014,12,13,19, 4,  2,0,0
2014,12,13,19, 4,  2,0,0
2014,12,13,20, 4,  2,0,0
2014,12,13,20, 4,  2,0,0
2014,12,13,20, 4,  2,0,0
2014,12,13,20, 4,  2,0,0
2014,12,13,21, 4,  2,0,0
2014,12,13,21, 4,  2,0,0
2014,12,13,21, 4,  2,0,0
2014,12,13,21, 4,  2,0,0
2014,12,13,22, 4,  2,0,0
2014,12,13,22, 4,  2,0,0
2014,12,13,22, 4,  2,0,0
2014,12,13,22, 4,  2,0,0
2014,12,13,23, 4,  2,0,0
2014,12,13,23, 4,  2,0,0
2014,12,13,23, 4,  2,0,0
2014,12,13,23, 4,  2,0,0
2014,12,20,0, 4,  2,0,1
2014,12,20,0, 4,  2,0,1
2014,12,20,0, 4,  2,0,1
2014,12,20,0, 4,  2,0,1
2014,12,20,1, 4,  2,0,1
2014,12,20,1, 4,  2,0,1
2014,12,20,1, 4,  2,0,1
2014,12,20,1, 4,  2,0,1
2014,12,20,2, 4,  2,0,1
2014,12,20,2, 4,  2,0,1
2014,12,20,2, 4,  2,0,1
2014,12,20,2, 4,  2,0,1
2014,12,20,3, 4,  2,0,1
2014,12,20,3, 4,  2,0,1
2014,12,20,3, 4,  2,0,1
2014,12,20,3, 4,  2,0,1
2014,12,20,4, 4,  2,0,0
2014,12,20,4, 4,  2,0,0
2014,12,20,4, 4,  2,0,0
2014,12,20,4, 4,  2,0,0
2014,12,20,5, 4,  2,0,0
2014,12,20,5, 4,  2,0,0
2014,12,20,5, 4,  2,0,0
2014,12,20,5, 4,  2,0,0
2014,12,20,6, 4,  2,0,0
2014,12,20,6, 4,  2,0,0
2014,12,20,6, 4,  2,0,0
2014,12,20,6, 4,  2,0,0
2014,12,20,7, 4,  2,0,0
2014,12,20,7, 4,  2,0,0
2014,12,20,7, 4,  2,0,0
2014,12,20,7, 4,  2,0,0
2014,12,20,8, 4,  2,0,0
2014,12,20,8, 4,  2,0,0
2014,12,20,8, 4,  2,0,0
2014,12,20,8, 4,  2,0,0
2014,12,20,9, 4,  2,0,0
2014,12,20,9, 4,  2,0,0
2014,12,20,9, 4,  2,0,0
2014,12,20,9, 4,  2,0,0
2014,12,20,10, 4,  2,0,0
2014,12,20,10, 4,  2,0,0
2014,12,20,10, 4,  2,0,0
2014,12,20,10, 4,  2,0,0
2014,12,20,11, 4,  2,0,0
2014,12,20,11, 4,  2,0,0
2014,12,20,11, 4,  2,0,0
2014,12,20,11, 4,  2,0,0
2014,12,20,12, 4,  2,0,0
2014,12,20,12, 4,  2,0,0
2014,12,20,12, 4,  2,0,0
2014,12,20,12, 4,  2,0,0
2014,12,20,13, 4,  2,0,0
2014,12,20,13, 4,  2,0,0
2014,12,20,13, 4,  2,0,0
2014,12,20,13, 4,  2,0,0
2014,12,20,14, 4,  2,0,0
2014,12,20,14, 4,  2,0,0
2014,12,20,14, 4,  2,0,0
2014,12,20,14, 4,  2,0,0
2014,12,20,15, 4,  2,0,0
2014,12,20,15, 4,  2,0,0
2014,12,20,15, 4,  2,0,0
2014,12,20,15, 4,  2,0,0
2014,12,20,16, 4,  2,0,0
2014,12,20,16, 4,  2,0,0
2014,12,20,16, 4,  2,0,0
2014,12,20,16, 4,  2,0,0
2014,12,20,17, 4,  2,0,0
2014,12,20,17, 4,  2,0,0
2014,12,20,17, 4,  2,0,0
2014,12,20,17, 4,  2,0,0
2014,12,20,18, 4,  2,0,0
2014,12,20,18, 4,  2,0,0
2014,12,20,18, 4,  2,0,0
2014,12,20,18, 4,  2,0,0
2014,12,20,19, 4,  2,0,0
2014,12,20,19, 4,  2,0,0
2014,12,20,19, 4,  2,0,0
2014,12,20,19, 4,  2,0,0
2014,12,20,20, 4,  2,0,0
2014,12,20,20, 4,  2,0,0
2014,12,20,20, 4,  2,0,0
2014,12,20,20, 4,  2,0,0
2014,12,20,21, 4,  2,0,0
2014,12,20,21, 4,  2,0,0
2014,12,20,21, 4,  2,0,0
2014,12,20,21, 4,  2,0,0
2014,12,20,22, 4,  2,0,0
2014,12,20,22, 4,  2,0,0
2014,12,20,22, 4,  2,0,0
2014,12,20,22, 4,  2,0,0
2014,12,20,23, 4,  2,0,0
2014,12,20,23, 4,  2,0,0
2014,12,20,23, 4,  2,0,0
2014,12,20,23, 4,  2,0,0
2014,12,27,0, 4,  2,-1,-1
2014,12,27,0, 4,  2,-1,-1
2014,12,27,0, 4,  2,-1,-1
2014,12,27,0, 4,  2,-1,-1
2014,12,27,1, 4,  2,-1,-1
2014,12,27,1, 4,  2,-1,-1
2014,12,27,1, 4,  2,-1,-1
2014,12,27,1, 4,  2,-1,-1
2014,12,27,2, 4,  2,-1,-1
2014,12,27,2, 4,  2,-1,-1
2014,12,27,2, 4,  2,-1,-1
2014,12,27,2, 4,  2,-1,-1
2014,12,27,3, 4,  2,-1,-1
2014,12,27,3, 4,  2,-1,-1
2014,12,27,3, 4,  2,-1,-1
2014,12,27,3, 4,  2,-1,-1
2014,12,27,4, 4,  2,-1,-1
2014,12,27,4, 4,  2,-1,-1
2014,12,27,4, 4,  2,-1,-1
2014,12,27,4, 4,  2,-1,-1
2014,12,27,5, 4,  2,-1,-1
2014,12,27,5, 4,  2,-1,-1
2014,12,27,5, 4,  2,-1,-1
2014,12,27,5, 4,  2,-1,-1
2014,12,27,6, 4,  2,-1,-1
2014,12,27,6, 4,  2,-1,-1
2014,12,27,6, 4,  2,-1,-1
2014,12,27,6, 4,  2,-1,-1
2014,12,27,7, 4,  2,-1,-1
2014,12,27,7, 4,  2,-1,-1
2014,12,27,7, 4,  2,-1,-1
2014,12,27,7, 4,  2,-1,-1
2014,12,27,8, 4,  2,-1,-1
2014,12,27,8, 4,  2,-1,-1
2014,12,27,8, 4,  2,-1,-1
2014,12,27,8, 4,  2,-1,-1
2014,12,27,9, 4,  2,-1,-1
2014,12,27,9, 4,  2,-1,-1
2014,12,27,9, 4,  2,-1,-1
2014,12,27,9, 4,  2,-1,-1
2014,12,27,10, 4,  2,-1,-1
2014,12,27,10, 4,  2,-1,-1
2014,12,27,10, 4,  2,-1,-1
2014,12,27,10, 4,  2,-1,-1
2014,12,27,11, 4,  2,-1,-1
2014,12,27,11, 4,  2,-1,-1
2014,12,27,11, 4,  2,-1,-1
2014,12,27,11, 4,  2,-1,-1
2014,12,27,12, 4,  2,-1,-1
2014,12,27,12, 4,  2,-1,-1
2014,12,27,12, 4,  2,-1,-1
2014,12,27,12, 4,  2,-1,-1
2014,12,27,13, 4,  2,-1,-1
2014,12,27,13, 4,  2,-1,-1
2014,12,27,13, 4,  2,-1,-1
2014,12,27,13, 4,  2,-1,-1
2014,12,27,14, 4,  2,-1,-1
2014,12,27,14, 4,  2,-1,-1
2014,12,27,14, 4,  2,-1,-1
2014,12,27,14, 4,  2,-1,-1
2014,12,27,15, 4,  2,-1,-1
2014,12,27,15, 4,  2,-1,-1
2014,12,27,15, 4,  2,-1,-1
2014,12,27,15, 4,  2,-1,-1
2014,12,27,16, 4,  2,-1,-1
2014,12,27,16, 4,  2,-1,-1
2014,12,27,16, 4,  2,-1,-1
2014,12,27,16, 4,  2,-1,-1
2014,12,27,17, 4,  2,-1,-1
2014,12,27,17, 4,  2,-1,-1
2014,12,27,17, 4,  2,-1,-1
2014,12,27,17, 4,  2,-1,-1
2014,12,27,18, 4,  2,-1,-1
2014,12,27,18, 4,  2,-1,-1
2014,12,27,18, 4,  2,-1,-1
2014,12,27,18, 4,  2,-1,-1
2014,12,27,19, 4,  2,-1,-1
2014,12,27,19, 4,  2,-1,-1
2014,12,27,19, 4,  2,-1,-1
2014,12,27,19, 4,  2,-1,-1
2014,12,27,20, 4,  2,-1,-1
2014,12,27,20, 4,  2,-1,-1
2014,12,27,20, 4,  2,-1,-1
2014,12,27,20, 4,  2,-1,-1
2014,12,27,21, 4,  2,-1,-1
2014,12,27,21, 4,  2,-1,-1
2014,12,27,21, 4,  2,-1,-1
2014,12,27,21, 4,  2,-1,-1
2014,12,27,22, 4,  2,-1,-1
2014,12,27,22, 4,  2,-1,-1
2014,12,27,22, 4,  2,-1,-1
2014,12,27,22, 4,  2,0,0
2014,12,27,23, 4,  2,0,0
2014,12,27,23, 4,  2,0,0
2014,12,27,23, 4,  2,0,0
2014,12,27,23, 4,  2,0,0
2015,1,3,0, 4,  2,0,0
2015,1,3,0, 4,  2,0,0
2015,1,3,0, 4,  2,0,0
2015,1,3,0, 4,  2,0,0
2015,1,3,1, 4,  2,0,0
2015,1,3,1, 4,  2,0,0
2015,1,3,1, 4,  2,0,0
2015,1,3,1, 4,  2,0,0
2015,1,3,2, 4,  2,0,0
2015,1,3,2, 4,  2,0,0
2015,1,3,2, 4,  2,0,0
2015,1,3,2, 4,  2,0,0
2015,1,3,3, 4,  2,0,0
2015,1,3,3, 4,  2,0,0
2015,1,3,3, 4,  2,0,0
2015,1,3,3, 4,  2,0,0
2015,1,3,4, 4,  2,0,0
2015,1,3,4, 4,  2,0,0
2015,1,3,4, 4,  2,0,0
2015,1,3,4, 4,  2,0,0
2015,1,3,5, 4,  2,0,0
2015,1,3,5, 4,  2,0,0
2015,1,3,5, 4,  2,0,0
2015,1,3,5, 4,  2,0,0
2015,1,3,6, 4,  2,0,0
2015,1,3,6, 4,  2,0,0
2015,1,3,6, 4,  2,0,0
2015,1,3,6, 4,  2,0,0
2015,1,3,7, 4,  2,0,0
2015,1,3,7, 4,  2,0,0
2015,1,3,7, 4,  2,0,0
2015,1,3,7, 4,  2,0,0
2015,1,3,8, 4,  2,0,0
2015,1,3,8, 4,  2,0,0
2015,1,3,8, 4,  2,0,0
2015,1,3,8, 4,  2,0,0
2015,1,3,9, 4,  2,0,0
2015,1,3,9, 4,  2,0,0
2015,1,3,9, 4,  2,0,0
2015,1,3,9, 4,  2,0,0
2015,1,3,10, 4,  2,0,0
2015,1,3,10, 4,  2,0,0
2015,1,3,10, 4,  2,0,0
2015,1,3,10, 4,  2,0,0
2015,1,3,11, 4,  2,0,0
2015,1,3,11, 4,  2,0,0
2015,1,3,11, 4,  2,0,0
2015,1,3,11, 4,  2,0,0
2015,1,3,12, 4,  2,0,0
2015,1,3,12, 4,  2,0,0
2015,1,3,12, 4,  2,0,0
2015,1,3,12, 4,  2,0,0
2015,1,3,13, 4,  2,0,0
2015,1,3,13, 4,  2,0,0
2015,1,3,13, 4,  2,0,0
2015,1,3,13, 4,  2,0,0
2015,1,3,14, 4,  2,0,0
2015,1,3,14, 4,  2,0,0
2015,1,3,14, 4,  2,0,0
2015,1,3,14, 4,  2,0,0
2015,1,3,15, 4,  2,0,0
2015,1,3,15, 4,  2,0,0
2015,1,3,15, 4,  2,0,0
2015,1,3,15, 4,  2,0,0
2015,1,3,16, 4,  2,0,0
2015,1,3,16, 4,  2,0,0
2015,1,3,16, 4,  2,0,0
2015,1,3,16, 4,  2,0,0
2015,1,3,17, 4,  2,0,0
2015,1,3,17, 4,  2,0,0
2015,1,3,17, 4,  2,0,0
2015,1,3,17, 4,  2,0,0
2015,1,3,18, 4,  2,0,0
2015,1,3,18, 4,  2,0,0
2015,1,3,18, 4,  2,0,1
2015,1,3,18, 4,  2,0,1
2015,1,3,19, 4,  2,0,1
2015,1,3,19, 4,  2,0,1
2015,1,3,19, 4,  2,0,1
2015,1,3,19, 4,  2,0,1
2015,1,3,20, 4,  2,0,1
2015,1,3,20, 4,  2,0,1
2015,1,3,20, 4,  2,0,1
2015,1,3,20, 4,  2,0,1
2015,1,3,21, 4,  2,0,1
2015,1,3,21, 4,  2,0,1
2015,1,3,21, 4,  2,0,1
2015,1,3,21, 4,  2,0,0
2015,1,3,22, 4,  2,0,0
2015,1,3,22, 4,  2,0,0
2015,1,3,22, 4,  2,0,0
2015,1,3,22, 4,  2,0,0
2015,1,3,23, 4,  2,0,0
2015,1,3,23, 4,  2,0,0
2015,1,3,23, 4,  2,0,0
2015,1,3,23, 4,  2,0,0
2015,1,10,0, 4,  2,0,1
2015,1,10,0, 4,  2,0,1
2015,1,10,0, 4,  2,0,1
2015,1,10,0, 4,  2,0,1
2015,1,10,1, 4,  2,0,1
2015,1,10,1, 4,  2,0,1
2015,1,10,1, 4,  2,0,1
2015,1,10,1, 4,  2,0,0
2015,1,10,2, 4,  2,0,0
2015,1,10,2, 4,  2,0,0
2015,1,10,2, 4,  2,0,0
2015,1,10,2, 4,  2,0,0
2015,1,10,3, 4,  2,0,0
2015,1,10,3, 4,  2,0,0
2015,1,10,3, 4,  2,0,0
2015,1,10,3, 4,  2,0,0
2015,1,10,4, 4,  2,0,0
2015,1,10,4, 4,  2,0,0
2015,1,10,4, 4,  2,0,0
2015,1,10,4, 4,  2,0,0
2015,1,10,5, 4,  2,0,0
2015,1,10,5, 4,  2,0,0
2015,1,10,5, 4,  2,0,0
2015,1,10,5, 4,  2,0,0
2015,1,10,6, 4,  2,0,0
2015,1,10,6, 4,  2,0,0
2015,1,10,6, 4,  2,0,0
2015,1,10,6, 4,  2,0,0
2015,1,10,7, 4,  2,0,0
2015,1,10,7, 4,  2,0,0
2015,1,10,7, 4,  2,0,0
2015,1,10,7, 4,  2,0,0
2015,1,10,8, 4,  2,0,0
2015,1,10,8, 4,  2,0,0
2015,1,10,8, 4,  2,0,0
2015,1,10,8, 4,  2,2,1
2015,1,10,9, 4,  2,2,1
2015,1,10,9, 4,  2,2,1
2015,1,10,9, 4,  2,2,1
2015,1,10,9, 4,  2,2,1
2015,1,10,10, 4,  2,2,0
2015,1,10,10, 4,  2,1,1
2015,1,10,10, 4,  2,1,1
2015,1,10,10, 4,  2,1,1
2015,1,10,11, 4,  2,1,1
2015,1,10,11, 4,  2,1,1
2015,1,10,11, 4,  2,1,1
2015,1,10,11, 4,  2,1,1
2015,1,10,12, 4,  2,2,1
2015,1,10,12, 4,  2,2,1
2015,1,10,12, 4,  2,2,1
2015,1,10,12, 4,  2,2,1
2015,1,10,13, 4,  2,0,1
2015,1,10,13, 4,  2,0,1
2015,1,10,13, 4,  2,0,1
2015,1,10,13, 4,  2,0,1
2015,1,10,14, 4,  2,0,1
2015,1,10,14, 4,  2,0,0
2015,1,10,14, 4,  2,0,0
2015,1,10,14, 4,  2,0,0
2015,1,10,15, 4,  2,0,0
2015,1,10,15, 4,  2,0,0
2015,1,10,15, 4,  2,0,0
2015,1,10,15, 4,  2,0,0
2015,1,10,16, 4,  2,0,0
2015,1,10,16, 4,  2,0,0
2015,1,10,16, 4,  2,0,0
2015,1,10,16, 4,  2,0,0
2015,1,10,17, 4,  2,0,0
2015,1,10,17, 4,  2,0,0
2015,1,10,17, 4,  2,0,0
2015,1,10,17, 4,  2,0,0
2015,1,10,18, 4,  2,0,0
2015,1,10,18, 4,  2,0,0
2015,1,10,18, 4,  2,0,0
2015,1,10,18, 4,  2,0,0
2015,1,10,19, 4,  2,0,0
2015,1,10,19, 4,  2,0,0
2015,1,10,19, 4,  2,0,0
2015,1,10,19, 4,  2,0,0
2015,1,10,20, 4,  2,0,0
2015,1,10,20, 4,  2,0,0
2015,1,10,20, 4,  2,0,0
2015,1,10,20, 4,  2,0,0
2015,1,10,21, 4,  2,0,0
2015,1,10,21, 4,  2,0,0
2015,1,10,21, 4,  2,0,0
2015,1,10,21, 4,  2,0,0
2015,1,10,22, 4,  2,0,0
2015,1,10,22, 4,  2,0,0
2015,1,10,22, 4,  2,0,0
2015,1,10,22, 4,  2,0,0
2015,1,10,23, 4,  2,0,0
2015,1,10,23, 4,  2,0,0
2015,1,10,23, 4,  2,0,0
2015,1,10,23, 4,  2,0,0
2015,1,17,0, 4,  2,1,1
2015,1,17,0, 4,  2,1,0
2015,1,17,0, 4,  2,1,0
2015,1,17,0, 4,  2,1,0
2015,1,17,1, 4,  2,1,0
2015,1,17,1, 4,  2,1,0
2015,1,17,1, 4,  2,1,0
2015,1,17,1, 4,  2,1,0
2015,1,17,2, 4,  2,1,0
2015,1,17,2, 4,  2,1,0
2015,1,17,2, 4,  2,1,0
2015,1,17,2, 4,  2,1,0
2015,1,17,3, 4,  2,1,0
2015,1,17,3, 4,  2,1,0
2015,1,17,3, 4,  2,1,0
2015,1,17,3, 4,  2,1,0
2015,1,17,4, 4,  2,1,0
2015,1,17,4, 4,  2,1,0
2015,1,17,4, 4,  2,1,0
2015,1,17,4, 4,  2,1,0
2015,1,17,5, 4,  2,1,0
2015,1,17,5, 4,  2,1,0
2015,1,17,5, 4,  2,1,0
2015,1,17,5, 4,  2,1,0
2015,1,17,6, 4,  2,1,0
2015,1,17,6, 4,  2,1,0
2015,1,17,6, 4,  2,1,0
2015,1,17,6, 4,  2,1,0
2015,1,17,7, 4,  2,1,0
2015,1,17,7, 4,  2,1,0
2015,1,17,7, 4,  2,1,0
2015,1,17,7, 4,  2,1,0
2015,1,17,8, 4,  2,1,0
2015,1,17,8, 4,  2,1,0
2015,1,17,8, 4,  2,1,0
2015,1,17,8, 4,  2,1,0
2015,1,17,9, 4,  2,1,0
2015,1,17,9, 4,  2,1,0
2015,1,17,9, 4,  2,1,0
2015,1,17,9, 4,  2,1,0
2015,1,17,10, 4,  2,1,0
2015,1,17,10, 4,  2,1,0
2015,1,17,10, 4,  2,1,0
2015,1,17,10, 4,  2,1,0
2015,1,17,11, 4,  2,1,0
2015,1,17,11, 4,  2,1,0
2015,1,17,11, 4,  2,1,0
2015,1,17,11, 4,  2,1,0
2015,1,17,12, 4,  2,1,0
2015,1,17,12, 4,  2,1,0
2015,1,17,12, 4,  2,1,0
2015,1,17,12, 4,  2,1,0
2015,1,17,13, 4,  2,1,0
2015,1,17,13, 4,  2,1,0
2015,1,17,13, 4,  2,1,0
2015,1,17,13, 4,  2,1,0
2015,1,17,14, 4,  2,1,0
2015,1,17,14, 4,  2,1,0
2015,1,17,14, 4,  2,1,0
2015,1,17,14, 4,  2,1,0
2015,1,17,15, 4,  2,1,0
2015,1,17,15, 4,  2,1,0
2015,1,17,15, 4,  2,1,0
2015,1,17,15, 4,  2,1,0
2015,1,17,16, 4,  2,1,0
2015,1,17,16, 4,  2,1,0
2015,1,17,16, 4,  2,1,0
2015,1,17,16, 4,  2,1,0
2015,1,17,17, 4,  2,1,0
2015,1,17,17, 4,  2,1,0
2015,1,17,17, 4,  2,1,0
2015,1,17,17, 4,  2,1,0
2015,1,17,18, 4,  2,1,0
2015,1,17,18, 4,  2,1,0
2015,1,17,18, 4,  2,1,0
2015,1,17,18, 4,  2,1,0
2015,1,17,19, 4,  2,1,0
2015,1,17,19, 4,  2,1,0
2015,1,17,19, 4,  2,1,0
2015,1,17,19, 4,  2,1,0
2015,1,17,20, 4,  2,1,0
2015,1,17,20, 4,  2,1,0
2015,1,17,20, 4,  2,1,0
2015,1,17,20, 4,  2,1,0
2015,1,17,21, 4,  2,1,0
2015,1,17,21, 4,  2,1,0
2015,1,17,21, 4,  2,1,0
2015,1,17,21, 4,  2,1,0
2015,1,17,22, 4,  2,1,0
2015,1,17,22, 4,  2,1,0
2015,1,17,22, 4,  2,1,0
2015,1,17,22, 4,  2,1,0
2015,1,17,23, 4,  2,1,0
2015,1,17,23, 4,  2,1,0
2015,1,17,23, 4,  2,1,0
2015,1,17,23, 4,  2,1,0
2015,1,24,0, 4,  2,1,1
2015,1,24,0, 4,  2,1,1
2015,1,24,0, 4,  2,1,1
2015,1,24,0, 4,  2,1,1
2015,1,24,1, 4,  2,1,1
2015,1,24,1, 4,  2,1,1
2015,1,24,1, 4,  2,1,1
2015,1,24,1, 4,  2,0,0
2015,1,24,2, 4,  2,0,0
2015,1,24,2, 4,  2,0,0
2015,1,24,2, 4,  2,0,0
2015,1,24,2, 4,  2,0,0
2015,1,24,3, 4,  2,0,0
2015,1,24,3, 4,  2,0,0
2015,1,24,3, 4,  2,0,0
2015,1,24,3, 4,  2,0,0
2015,1,24,4, 4,  2,-1,-1
2015,1,24,4, 4,  2,0,0
2015,1,24,4, 4,  2,0,0
2015,1,24,4, 4,  2,0,0
2015,1,24,5, 4,  2,0,0
2015,1,24,5, 4,  2,0,0
2015,1,24,5, 4,  2,0,0
2015,1,24,5, 4,  2,0,0
2015,1,24,6, 4,  2,0,0
2015,1,24,6, 4,  2,0,0
2015,1,24,6, 4,  2,0,0
2015,1,24,6, 4,  2,0,0
2015,1,24,7, 4,  2,0,0
2015,1,24,7, 4,  2,0,0
2015,1,24,7, 4,  2,0,0
2015,1,24,7, 4,  2,0,0
2015,1,24,8, 4,  2,0,0
2015,1,24,8, 4,  2,0,0
2015,1,24,8, 4,  2,0,0
2015,1,24,8, 4,  2,0,0
2015,1,24,9, 4,  2,0,0
2015,1,24,9, 4,  2,0,0
2015,1,24,9, 4,  2,0,0
2015,1,24,9, 4,  2,0,0
2015,1,24,10, 4,  2,0,0
2015,1,24,10, 4,  2,0,0
2015,1,24,10, 4,  2,0,0
2015,1,24,10, 4,  2,0,0
2015,1,24,11, 4,  2,0,0
2015,1,24,11, 4,  2,0,0
2015,1,24,11, 4,  2,0,0
2015,1,24,11, 4,  2,0,0
2015,1,24,12, 4,  2,0,0
2015,1,24,12, 4,  2,0,0
2015,1,24,12, 4,  2,0,0
2015,1,24,12, 4,  2,0,0
2015,1,24,13, 4,  2,0,0
2015,1,24,13, 4,  2,0,0
2015,1,24,13, 4,  2,0,0
2015,1,24,13, 4,  2,0,0
2015,1,24,14, 4,  2,0,0
2015,1,24,14, 4,  2,0,0
2015,1,24,14, 4,  2,0,0
2015,1,24,14, 4,  2,0,0
2015,1,24,15, 4,  2,0,0
2015,1,24,15, 4,  2,0,0
2015,1,24,15, 4,  2,0,0
2015,1,24,15, 4,  2,0,0
2015,1,24,16, 4,  2,0,0
2015,1,24,16, 4,  2,0,0
2015,1,24,16, 4,  2,0,0
2015,1,24,16, 4,  2,0,0
2015,1,24,17, 4,  2,0,0
2015,1,24,17, 4,  2,0,0
2015,1,24,17, 4,  2,0,0
2015,1,24,17, 4,  2,0,0
2015,1,24,18, 4,  2,0,0
2015,1,24,18, 4,  2,0,0
2015,1,24,18, 4,  2,0,0
2015,1,24,18, 4,  2,0,0
2015,1,24,19, 4,  2,0,0
2015,1,24,19, 4,  2,0,0
2015,1,24,19, 4,  2,0,0
2015,1,24,19, 4,  2,0,0
2015,1,24,20, 4,  2,0,0
2015,1,24,20, 4,  2,0,0
2015,1,24,20, 4,  2,0,0
2015,1,24,20, 4,  2,0,0
2015,1,24,21, 4,  2,0,0
2015,1,24,21, 4,  2,0,0
2015,1,24,21, 4,  2,0,0
2015,1,24,21, 4,  2,0,0
2015,1,24,22, 4,  2,0,0
2015,1,24,22, 4,  2,0,0
2015,1,24,22, 4,  2,0,0
2015,1,24,22, 4,  2,0,0
2015,1,24,23, 4,  2,0,0
2015,1,24,23, 4,  2,0,0
2015,1,24,23, 4,  2,0,0
2015,1,24,23, 4,  2,0,0
2015,1,31,0, 4,  2,1,0
2015,1,31,0, 4,  2,1,0
2015,1,31,0, 4,  2,1,0
2015,1,31,0, 4,  2,1,0
2015,1,31,1, 4,  2,1,0
2015,1,31,1, 4,  2,1,0
2015,1,31,1, 4,  2,0,0
2015,1,31,1, 4,  2,0,0
2015,1,31,2, 4,  2,0,0
2015,1,31,2, 4,  2,0,0
2015,1,31,2, 4,  2,0,0
2015,1,31,2, 4,  2,0,0
2015,1,31,3, 4,  2,0,0
2015,1,31,3, 4,  2,0,0
2015,1,31,3, 4,  2,0,0
2015,1,31,3, 4,  2,0,0
2015,1,31,4, 4,  2,0,0
2015,1,31,4, 4,  2,0,0
2015,1,31,4, 4,  2,0,0
2015,1,31,4, 4,  2,0,0
2015,1,31,5, 4,  2,0,0
2015,1,31,5, 4,  2,0,0
2015,1,31,5, 4,  2,0,0
2015,1,31,5, 4,  2,0,0
2015,1,31,6, 4,  2,0,0
2015,1,31,6, 4,  2,0,0
2015,1,31,6, 4,  2,0,0
2015,1,31,6, 4,  2,0,0
2015,1,31,7, 4,  2,0,0
2015,1,31,7, 4,  2,0,0
2015,1,31,7, 4,  2,0,0
2015,1,31,7, 4,  2,0,0
2015,1,31,8, 4,  2,0,0
2015,1,31,8, 4,  2,0,0
2015,1,31,8, 4,  2,0,0
2015,1,31,8, 4,  2,0,0
2015,1,31,9, 4,  2,0,0
2015,1,31,9, 4,  2,0,0
2015,1,31,9, 4,  2,0,0
2015,1,31,9, 4,  2,0,0
2015,1,31,10, 4,  2,0,0
2015,1,31,10, 4,  2,0,0
2015,1,31,10, 4,  2,0,0
2015,1,31,10, 4,  2,0,0
2015,1,31,11, 4,  2,0,0
2015,1,31,11, 4,  2,0,0
2015,1,31,11, 4,  2,0,0
2015,1,31,11, 4,  2,0,0
2015,1,31,12, 4,  2,0,0
2015,1,31,12, 4,  2,0,0
2015,1,31,12, 4,  2,0,0
2015,1,31,12, 4,  2,0,0
2015,1,31,13, 4,  2,0,0
2015,1,31,13, 4,  2,0,0
2015,1,31,13, 4,  2,0,0
2015,1,31,13, 4,  2,0,0
2015,1,31,14, 4,  2,0,0
2015,1,31,14, 4,  2,0,0
2015,1,31,14, 4,  2,0,0
2015,1,31,14, 4,  2,0,0
2015,1,31,15, 4,  2,0,0
2015,1,31,15, 4,  2,0,0
2015,1,31,15, 4,  2,0,0
2015,1,31,15, 4,  2,0,0
2015,1,31,16, 4,  2,0,0
2015,1,31,16, 4,  2,0,0
2015,1,31,16, 4,  2,0,0
2015,1,31,16, 4,  2,0,0
2015,1,31,17, 4,  2,0,0
2015,1,31,17, 4,  2,0,0
2015,1,31,17, 4,  2,0,0
2015,1,31,17, 4,  2,0,0
2015,1,31,18, 4,  2,0,0
2015,1,31,18, 4,  2,0,0
2015,1,31,18, 4,  2,0,0
2015,1,31,18, 4,  2,0,0
2015,1,31,19, 4,  2,0,0
2015,1,31,19, 4,  2,0,0
2015,1,31,19, 4,  2,0,0
2015,1,31,19, 4,  2,0,0
2015,1,31,20, 4,  2,0,0
2015,1,31,20, 4,  2,0,0
2015,1,31,20, 4,  2,0,0
2015,1,31,20, 4,  2,0,0
2015,1,31,21, 4,  2,0,0
2015,1,31,21, 4,  2,0,0
2015,1,31,21, 4,  2,0,0
2015,1,31,21, 4,  2,0,0
2015,1,31,22, 4,  2,0,0
2015,1,31,22, 4,  2,0,0
2015,1,31,22, 4,  2,0,0
2015,1,31,22, 4,  2,0,0
2015,1,31,23, 4,  2,0,0
2015,1,31,23, 4,  2,0,0
2015,1,31,23, 4,  2,0,0
2015,1,31,23, 4,  2,0,0
