#year,month,day,hour,qtr,lineID,stationID,statusN,statusS
2015,1,31,0, 4,  0,0,0
2015,1,31,0, 4,  1,0,0
2015,1,31,0, 4,  2,1,0
2015,1,31,0, 4,  3,0,0
2015,1,31,0, 4,  4,1,0
2015,1,31,0, 4,  5,1,1
2015,1,31,0, 4,  6,0,1
2015,1,31,0, 4,  7,0,1
2015,1,31,0, 4,  8,0,0
2015,1,31,0, 4,  9,1,0
2015,1,31,0, 4, 10,0,1
2015,1,31,0, 4, 11,1,1
2015,1,31,0, 4, 12,0,0
2015,1,31,0, 4, 13,0,0
2015,1,31,0, 4, 14,0,0
2015,1,31,0, 4, 15,1,1
2015,1,31,0, 4, 16,1,1
2015,1,31,0, 4, 17,0,1
2015,1,31,0, 4, 18,0,0
2015,1,31,0, 4,  0,0,0
2015,1,31,0, 4,  1,0,0
2015,1,31,0, 4,  2,1,0
2015,1,31,0, 4,  3,0,0
2015,1,31,0, 4,  4,1,0
2015,1,31,0, 4,  5,1,1
2015,1,31,0, 4,  6,0,1
2015,1,31,0, 4,  7,0,1
2015,1,31,0, 4,  8,0,0
2015,1,31,0, 4,  9,1,0
2015,1,31,0, 4, 10,0,1
2015,1,31,0, 4, 11,1,1
2015,1,31,0, 4, 12,0,0
2015,1,31,0, 4, 13,0,0
2015,1,31,0, 4, 14,0,0
2015,1,31,0, 4, 15,1,1
2015,1,31,0, 4, 16,1,1
2015,1,31,0, 4, 17,0,1
2015,1,31,0, 4, 18,0,0
2015,1,31,0, 4,  0,0,0
2015,1,31,0, 4,  1,0,0
2015,1,31,0, 4,  2,1,0
2015,1,31,0, 4,  3,0,0
2015,1,31,0, 4,  4,1,0
2015,1,31,0, 4,  5,1,1
2015,1,31,0, 4,  6,0,1
2015,1,31,0, 4,  7,0,1
2015,1,31,0, 4,  8,0,0
2015,1,31,0, 4,  9,1,0
2015,1,31,0, 4, 10,0,1
2015,1,31,0, 4, 11,1,1
2015,1,31,0, 4, 12,0,0
2015,1,31,0, 4, 13,0,0
2015,1,31,0, 4, 14,0,0
2015,1,31,0, 4, 15,1,1
2015,1,31,0, 4, 16,1,1
2015,1,31,0, 4, 17,0,1
2015,1,31,0, 4, 18,0,0
2015,1,31,0, 4,  0,0,0
2015,1,31,0, 4,  1,0,0
2015,1,31,0, 4,  2,1,0
2015,1,31,0, 4,  3,0,0
2015,1,31,0, 4,  4,1,0
2015,1,31,0, 4,  5,1,1
2015,1,31,0, 4,  6,0,1
2015,1,31,0, 4,  7,0,1
2015,1,31,0, 4,  8,0,0
2015,1,31,0, 4,  9,1,0
2015,1,31,0, 4, 10,0,1
2015,1,31,0, 4, 11,1,1
2015,1,31,0, 4, 12,0,0
2015,1,31,0, 4, 13,0,0
2015,1,31,0, 4, 14,0,0
2015,1,31,0, 4, 15,1,1
2015,1,31,0, 4, 16,1,1
2015,1,31,0, 4, 17,0,1
2015,1,31,0, 4, 18,0,0
2015,1,31,1, 4,  0,0,0
2015,1,31,1, 4,  1,0,0
2015,1,31,1, 4,  2,1,0
2015,1,31,1, 4,  3,0,0
2015,1,31,1, 4,  4,1,0
2015,1,31,1, 4,  5,1,1
2015,1,31,1, 4,  6,0,1
2015,1,31,1, 4,  7,0,1
2015,1,31,1, 4,  8,0,0
2015,1,31,1, 4,  9,1,0
2015,1,31,1, 4, 10,0,1
2015,1,31,1, 4, 11,1,1
2015,1,31,1, 4, 12,0,0
2015,1,31,1, 4, 13,0,0
2015,1,31,1, 4, 14,0,0
2015,1,31,1, 4, 15,1,1
2015,1,31,1, 4, 16,1,1
2015,1,31,1, 4, 17,0,1
2015,1,31,1, 4, 18,0,0
2015,1,31,1, 4,  0,0,0
2015,1,31,1, 4,  1,0,0
2015,1,31,1, 4,  2,1,0
2015,1,31,1, 4,  3,0,0
2015,1,31,1, 4,  4,1,0
2015,1,31,1, 4,  5,1,1
2015,1,31,1, 4,  6,0,1
2015,1,31,1, 4,  7,0,1
2015,1,31,1, 4,  8,0,0
2015,1,31,1, 4,  9,1,0
2015,1,31,1, 4, 10,0,1
2015,1,31,1, 4, 11,1,1
2015,1,31,1, 4, 12,0,0
2015,1,31,1, 4, 13,0,0
2015,1,31,1, 4, 14,0,0
2015,1,31,1, 4, 15,1,1
2015,1,31,1, 4, 16,1,1
2015,1,31,1, 4, 17,0,1
2015,1,31,1, 4, 18,0,0
2015,1,31,1, 4,  0,0,0
2015,1,31,1, 4,  1,0,0
2015,1,31,1, 4,  2,0,0
2015,1,31,1, 4,  3,0,0
2015,1,31,1, 4,  4,0,0
2015,1,31,1, 4,  5,1,1
2015,1,31,1, 4,  6,0,0
2015,1,31,1, 4,  7,0,0
2015,1,31,1, 4,  8,0,0
2015,1,31,1, 4,  9,1,0
2015,1,31,1, 4, 10,0,1
2015,1,31,1, 4, 11,1,0
2015,1,31,1, 4, 12,0,0
2015,1,31,1, 4, 13,0,0
2015,1,31,1, 4, 14,0,0
2015,1,31,1, 4, 15,0,0
2015,1,31,1, 4, 16,1,1
2015,1,31,1, 4, 17,0,0
2015,1,31,1, 4, 18,0,0
2015,1,31,1, 4,  0,0,0
2015,1,31,1, 4,  1,0,0
2015,1,31,1, 4,  2,0,0
2015,1,31,1, 4,  3,0,0
2015,1,31,1, 4,  4,0,0
2015,1,31,1, 4,  5,1,1
2015,1,31,1, 4,  6,0,0
2015,1,31,1, 4,  7,0,0
2015,1,31,1, 4,  8,0,0
2015,1,31,1, 4,  9,1,0
2015,1,31,1, 4, 10,0,1
2015,1,31,1, 4, 11,1,0
2015,1,31,1, 4, 12,0,0
2015,1,31,1, 4, 13,0,0
2015,1,31,1, 4, 14,0,0
2015,1,31,1, 4, 15,0,0
2015,1,31,1, 4, 16,1,1
2015,1,31,1, 4, 17,0,0
2015,1,31,1, 4, 18,0,0
2015,1,31,2, 4,  0,0,0
2015,1,31,2, 4,  1,0,0
2015,1,31,2, 4,  2,0,0
2015,1,31,2, 4,  3,0,0
2015,1,31,2, 4,  4,0,0
2015,1,31,2, 4,  5,1,1
2015,1,31,2, 4,  6,0,0
2015,1,31,2, 4,  7,0,0
2015,1,31,2, 4,  8,0,0
2015,1,31,2, 4,  9,1,0
2015,1,31,2, 4, 10,0,1
2015,1,31,2, 4, 11,1,0
2015,1,31,2, 4, 12,0,0
2015,1,31,2, 4, 13,0,0
2015,1,31,2, 4, 14,0,0
2015,1,31,2, 4, 15,0,0
2015,1,31,2, 4, 16,1,1
2015,1,31,2, 4, 17,0,0
2015,1,31,2, 4, 18,0,0
2015,1,31,2, 4,  0,0,0
2015,1,31,2, 4,  1,0,0
2015,1,31,2, 4,  2,0,0
2015,1,31,2, 4,  3,0,0
2015,1,31,2, 4,  4,0,0
2015,1,31,2, 4,  5,1,1
2015,1,31,2, 4,  6,0,0
2015,1,31,2, 4,  7,0,0
2015,1,31,2, 4,  8,0,0
2015,1,31,2, 4,  9,1,0
2015,1,31,2, 4, 10,0,1
2015,1,31,2, 4, 11,1,0
2015,1,31,2, 4, 12,0,0
2015,1,31,2, 4, 13,0,0
2015,1,31,2, 4, 14,0,0
2015,1,31,2, 4, 15,0,0
2015,1,31,2, 4, 16,1,1
2015,1,31,2, 4, 17,0,0
2015,1,31,2, 4, 18,0,0
2015,1,31,2, 4,  0,0,0
2015,1,31,2, 4,  1,0,0
2015,1,31,2, 4,  2,0,0
2015,1,31,2, 4,  3,0,0
2015,1,31,2, 4,  4,0,0
2015,1,31,2, 4,  5,1,1
2015,1,31,2, 4,  6,0,0
2015,1,31,2, 4,  7,0,0
2015,1,31,2, 4,  8,0,0
2015,1,31,2, 4,  9,1,0
2015,1,31,2, 4, 10,0,1
2015,1,31,2, 4, 11,1,0
2015,1,31,2, 4, 12,0,0
2015,1,31,2, 4, 13,0,0
2015,1,31,2, 4, 14,0,0
2015,1,31,2, 4, 15,0,0
2015,1,31,2, 4, 16,1,1
2015,1,31,2, 4, 17,0,0
2015,1,31,2, 4, 18,0,0
2015,1,31,2, 4,  0,0,0
2015,1,31,2, 4,  1,0,0
2015,1,31,2, 4,  2,0,0
2015,1,31,2, 4,  3,0,0
2015,1,31,2, 4,  4,0,0
2015,1,31,2, 4,  5,1,1
2015,1,31,2, 4,  6,0,0
2015,1,31,2, 4,  7,0,0
2015,1,31,2, 4,  8,0,0
2015,1,31,2, 4,  9,1,0
2015,1,31,2, 4, 10,0,1
2015,1,31,2, 4, 11,1,0
2015,1,31,2, 4, 12,0,0
2015,1,31,2, 4, 13,0,0
2015,1,31,2, 4, 14,0,0
2015,1,31,2, 4, 15,0,0
2015,1,31,2, 4, 16,1,1
2015,1,31,2, 4, 17,0,0
2015,1,31,2, 4, 18,0,0
2015,1,31,3, 4,  0,0,0
2015,1,31,3, 4,  1,0,0
2015,1,31,3, 4,  2,0,0
2015,1,31,3, 4,  3,0,0
2015,1,31,3, 4,  4,0,0
2015,1,31,3, 4,  5,1,1
2015,1,31,3, 4,  6,0,0
2015,1,31,3, 4,  7,0,0
2015,1,31,3, 4,  8,0,0
2015,1,31,3, 4,  9,1,0
2015,1,31,3, 4, 10,0,1
2015,1,31,3, 4, 11,1,0
2015,1,31,3, 4, 12,0,0
2015,1,31,3, 4, 13,0,0
2015,1,31,3, 4, 14,0,0
2015,1,31,3, 4, 15,0,0
2015,1,31,3, 4, 16,1,1
2015,1,31,3, 4, 17,0,0
2015,1,31,3, 4, 18,0,0
2015,1,31,3, 4,  0,0,0
2015,1,31,3, 4,  1,0,0
2015,1,31,3, 4,  2,0,0
2015,1,31,3, 4,  3,0,0
2015,1,31,3, 4,  4,0,0
2015,1,31,3, 4,  5,1,1
2015,1,31,3, 4,  6,0,0
2015,1,31,3, 4,  7,0,0
2015,1,31,3, 4,  8,0,0
2015,1,31,3, 4,  9,1,0
2015,1,31,3, 4, 10,0,1
2015,1,31,3, 4, 11,1,0
2015,1,31,3, 4, 12,0,0
2015,1,31,3, 4, 13,0,0
2015,1,31,3, 4, 14,0,0
2015,1,31,3, 4, 15,0,0
2015,1,31,3, 4, 16,1,1
2015,1,31,3, 4, 17,0,0
2015,1,31,3, 4, 18,0,0
2015,1,31,3, 4,  0,0,0
2015,1,31,3, 4,  1,0,0
2015,1,31,3, 4,  2,0,0
2015,1,31,3, 4,  3,0,0
2015,1,31,3, 4,  4,0,0
2015,1,31,3, 4,  5,1,1
2015,1,31,3, 4,  6,0,0
2015,1,31,3, 4,  7,0,0
2015,1,31,3, 4,  8,0,0
2015,1,31,3, 4,  9,1,0
2015,1,31,3, 4, 10,0,1
2015,1,31,3, 4, 11,1,0
2015,1,31,3, 4, 12,0,0
2015,1,31,3, 4, 13,0,0
2015,1,31,3, 4, 14,0,0
2015,1,31,3, 4, 15,0,0
2015,1,31,3, 4, 16,1,1
2015,1,31,3, 4, 17,0,0
2015,1,31,3, 4, 18,0,0
2015,1,31,3, 4,  0,0,0
2015,1,31,3, 4,  1,0,0
2015,1,31,3, 4,  2,0,0
2015,1,31,3, 4,  3,0,0
2015,1,31,3, 4,  4,0,0
2015,1,31,3, 4,  5,1,1
2015,1,31,3, 4,  6,0,0
2015,1,31,3, 4,  7,0,0
2015,1,31,3, 4,  8,0,0
2015,1,31,3, 4,  9,1,0
2015,1,31,3, 4, 10,0,1
2015,1,31,3, 4, 11,1,0
2015,1,31,3, 4, 12,0,0
2015,1,31,3, 4, 13,0,0
2015,1,31,3, 4, 14,0,0
2015,1,31,3, 4, 15,0,0
2015,1,31,3, 4, 16,1,1
2015,1,31,3, 4, 17,0,0
2015,1,31,3, 4, 18,0,0
2015,1,31,4, 4,  0,0,0
2015,1,31,4, 4,  1,0,0
2015,1,31,4, 4,  2,0,0
2015,1,31,4, 4,  3,0,0
2015,1,31,4, 4,  4,0,0
2015,1,31,4, 4,  5,1,1
2015,1,31,4, 4,  6,0,0
2015,1,31,4, 4,  7,0,0
2015,1,31,4, 4,  8,0,0
2015,1,31,4, 4,  9,1,0
2015,1,31,4, 4, 10,0,1
2015,1,31,4, 4, 11,1,0
2015,1,31,4, 4, 12,0,0
2015,1,31,4, 4, 13,0,0
2015,1,31,4, 4, 14,0,0
2015,1,31,4, 4, 15,0,0
2015,1,31,4, 4, 16,1,1
2015,1,31,4, 4, 17,0,0
2015,1,31,4, 4, 18,0,0
2015,1,31,4, 4,  0,0,0
2015,1,31,4, 4,  1,0,0
2015,1,31,4, 4,  2,0,0
2015,1,31,4, 4,  3,0,0
2015,1,31,4, 4,  4,0,0
2015,1,31,4, 4,  5,1,1
2015,1,31,4, 4,  6,0,0
2015,1,31,4, 4,  7,0,0
2015,1,31,4, 4,  8,0,0
2015,1,31,4, 4,  9,1,0
2015,1,31,4, 4, 10,0,1
2015,1,31,4, 4, 11,1,0
2015,1,31,4, 4, 12,0,0
2015,1,31,4, 4, 13,0,0
2015,1,31,4, 4, 14,0,0
2015,1,31,4, 4, 15,0,0
2015,1,31,4, 4, 16,1,1
2015,1,31,4, 4, 17,0,0
2015,1,31,4, 4, 18,0,0
2015,1,31,4, 4,  0,0,0
2015,1,31,4, 4,  1,0,0
2015,1,31,4, 4,  2,0,0
2015,1,31,4, 4,  3,0,0
2015,1,31,4, 4,  4,0,0
2015,1,31,4, 4,  5,1,1
2015,1,31,4, 4,  6,0,0
2015,1,31,4, 4,  7,0,0
2015,1,31,4, 4,  8,0,0
2015,1,31,4, 4,  9,1,0
2015,1,31,4, 4, 10,0,1
2015,1,31,4, 4, 11,1,0
2015,1,31,4, 4, 12,0,0
2015,1,31,4, 4, 13,0,0
2015,1,31,4, 4, 14,0,0
2015,1,31,4, 4, 15,0,0
2015,1,31,4, 4, 16,1,1
2015,1,31,4, 4, 17,0,0
2015,1,31,4, 4, 18,0,0
2015,1,31,4, 4,  0,0,0
2015,1,31,4, 4,  1,0,0
2015,1,31,4, 4,  2,0,0
2015,1,31,4, 4,  3,0,0
2015,1,31,4, 4,  4,0,0
2015,1,31,4, 4,  5,1,1
2015,1,31,4, 4,  6,0,0
2015,1,31,4, 4,  7,0,0
2015,1,31,4, 4,  8,0,0
2015,1,31,4, 4,  9,1,0
2015,1,31,4, 4, 10,0,1
2015,1,31,4, 4, 11,1,0
2015,1,31,4, 4, 12,0,0
2015,1,31,4, 4, 13,0,0
2015,1,31,4, 4, 14,0,0
2015,1,31,4, 4, 15,0,0
2015,1,31,4, 4, 16,1,1
2015,1,31,4, 4, 17,0,0
2015,1,31,4, 4, 18,0,0
2015,1,31,5, 4,  0,0,0
2015,1,31,5, 4,  1,0,0
2015,1,31,5, 4,  2,0,0
2015,1,31,5, 4,  3,0,0
2015,1,31,5, 4,  4,0,0
2015,1,31,5, 4,  5,1,1
2015,1,31,5, 4,  6,0,0
2015,1,31,5, 4,  7,0,0
2015,1,31,5, 4,  8,0,0
2015,1,31,5, 4,  9,1,0
2015,1,31,5, 4, 10,0,1
2015,1,31,5, 4, 11,1,0
2015,1,31,5, 4, 12,0,0
2015,1,31,5, 4, 13,0,0
2015,1,31,5, 4, 14,0,0
2015,1,31,5, 4, 15,0,0
2015,1,31,5, 4, 16,1,1
2015,1,31,5, 4, 17,0,0
2015,1,31,5, 4, 18,0,0
2015,1,31,5, 4,  0,0,0
2015,1,31,5, 4,  1,0,0
2015,1,31,5, 4,  2,0,0
2015,1,31,5, 4,  3,0,0
2015,1,31,5, 4,  4,0,0
2015,1,31,5, 4,  5,1,1
2015,1,31,5, 4,  6,0,0
2015,1,31,5, 4,  7,0,0
2015,1,31,5, 4,  8,0,0
2015,1,31,5, 4,  9,1,0
2015,1,31,5, 4, 10,0,1
2015,1,31,5, 4, 11,1,0
2015,1,31,5, 4, 12,0,0
2015,1,31,5, 4, 13,0,0
2015,1,31,5, 4, 14,0,0
2015,1,31,5, 4, 15,0,0
2015,1,31,5, 4, 16,1,1
2015,1,31,5, 4, 17,0,0
2015,1,31,5, 4, 18,0,0
2015,1,31,5, 4,  0,0,0
2015,1,31,5, 4,  1,0,0
2015,1,31,5, 4,  2,0,0
2015,1,31,5, 4,  3,0,0
2015,1,31,5, 4,  4,0,0
2015,1,31,5, 4,  5,1,1
2015,1,31,5, 4,  6,0,0
2015,1,31,5, 4,  7,0,0
2015,1,31,5, 4,  8,0,0
2015,1,31,5, 4,  9,1,0
2015,1,31,5, 4, 10,0,1
2015,1,31,5, 4, 11,1,0
2015,1,31,5, 4, 12,0,0
2015,1,31,5, 4, 13,0,0
2015,1,31,5, 4, 14,0,0
2015,1,31,5, 4, 15,0,0
2015,1,31,5, 4, 16,1,1
2015,1,31,5, 4, 17,0,0
2015,1,31,5, 4, 18,0,0
2015,1,31,5, 4,  0,0,0
2015,1,31,5, 4,  1,0,0
2015,1,31,5, 4,  2,0,0
2015,1,31,5, 4,  3,0,0
2015,1,31,5, 4,  4,0,0
2015,1,31,5, 4,  5,1,1
2015,1,31,5, 4,  6,0,0
2015,1,31,5, 4,  7,0,0
2015,1,31,5, 4,  8,0,0
2015,1,31,5, 4,  9,1,0
2015,1,31,5, 4, 10,0,1
2015,1,31,5, 4, 11,1,0
2015,1,31,5, 4, 12,0,0
2015,1,31,5, 4, 13,0,0
2015,1,31,5, 4, 14,0,0
2015,1,31,5, 4, 15,0,0
2015,1,31,5, 4, 16,1,1
2015,1,31,5, 4, 17,0,0
2015,1,31,5, 4, 18,0,0
2015,1,31,6, 4,  0,0,0
2015,1,31,6, 4,  1,0,0
2015,1,31,6, 4,  2,0,0
2015,1,31,6, 4,  3,0,0
2015,1,31,6, 4,  4,0,0
2015,1,31,6, 4,  5,1,1
2015,1,31,6, 4,  6,0,0
2015,1,31,6, 4,  7,0,0
2015,1,31,6, 4,  8,0,0
2015,1,31,6, 4,  9,1,0
2015,1,31,6, 4, 10,0,1
2015,1,31,6, 4, 11,1,0
2015,1,31,6, 4, 12,0,0
2015,1,31,6, 4, 13,0,0
2015,1,31,6, 4, 14,0,0
2015,1,31,6, 4, 15,0,0
2015,1,31,6, 4, 16,1,1
2015,1,31,6, 4, 17,0,0
2015,1,31,6, 4, 18,0,0
2015,1,31,6, 4,  0,0,0
2015,1,31,6, 4,  1,0,0
2015,1,31,6, 4,  2,0,0
2015,1,31,6, 4,  3,0,0
2015,1,31,6, 4,  4,1,0
2015,1,31,6, 4,  5,1,1
2015,1,31,6, 4,  6,0,0
2015,1,31,6, 4,  7,0,0
2015,1,31,6, 4,  8,0,0
2015,1,31,6, 4,  9,1,0
2015,1,31,6, 4, 10,0,1
2015,1,31,6, 4, 11,1,0
2015,1,31,6, 4, 12,0,0
2015,1,31,6, 4, 13,0,0
2015,1,31,6, 4, 14,0,0
2015,1,31,6, 4, 15,0,0
2015,1,31,6, 4, 16,1,1
2015,1,31,6, 4, 17,0,0
2015,1,31,6, 4, 18,0,0
2015,1,31,6, 4,  0,0,0
2015,1,31,6, 4,  1,0,0
2015,1,31,6, 4,  2,0,0
2015,1,31,6, 4,  3,0,0
2015,1,31,6, 4,  4,1,0
2015,1,31,6, 4,  5,1,1
2015,1,31,6, 4,  6,0,0
2015,1,31,6, 4,  7,0,0
2015,1,31,6, 4,  8,0,0
2015,1,31,6, 4,  9,1,0
2015,1,31,6, 4, 10,0,1
2015,1,31,6, 4, 11,1,0
2015,1,31,6, 4, 12,0,0
2015,1,31,6, 4, 13,0,0
2015,1,31,6, 4, 14,0,0
2015,1,31,6, 4, 15,0,0
2015,1,31,6, 4, 16,1,1
2015,1,31,6, 4, 17,0,0
2015,1,31,6, 4, 18,0,0
2015,1,31,6, 4,  0,0,0
2015,1,31,6, 4,  1,0,0
2015,1,31,6, 4,  2,0,0
2015,1,31,6, 4,  3,0,0
2015,1,31,6, 4,  4,1,0
2015,1,31,6, 4,  5,1,1
2015,1,31,6, 4,  6,0,0
2015,1,31,6, 4,  7,0,0
2015,1,31,6, 4,  8,0,0
2015,1,31,6, 4,  9,1,0
2015,1,31,6, 4, 10,0,1
2015,1,31,6, 4, 11,1,0
2015,1,31,6, 4, 12,0,0
2015,1,31,6, 4, 13,0,0
2015,1,31,6, 4, 14,0,0
2015,1,31,6, 4, 15,0,0
2015,1,31,6, 4, 16,1,1
2015,1,31,6, 4, 17,0,0
2015,1,31,6, 4, 18,0,0
2015,1,31,7, 4,  0,0,0
2015,1,31,7, 4,  1,0,0
2015,1,31,7, 4,  2,0,0
2015,1,31,7, 4,  3,0,0
2015,1,31,7, 4,  4,1,0
2015,1,31,7, 4,  5,1,1
2015,1,31,7, 4,  6,0,0
2015,1,31,7, 4,  7,0,0
2015,1,31,7, 4,  8,0,0
2015,1,31,7, 4,  9,1,0
2015,1,31,7, 4, 10,0,1
2015,1,31,7, 4, 11,1,0
2015,1,31,7, 4, 12,0,0
2015,1,31,7, 4, 13,0,0
2015,1,31,7, 4, 14,0,0
2015,1,31,7, 4, 15,0,0
2015,1,31,7, 4, 16,1,1
2015,1,31,7, 4, 17,0,0
2015,1,31,7, 4, 18,0,0
2015,1,31,7, 4,  0,0,0
2015,1,31,7, 4,  1,0,0
2015,1,31,7, 4,  2,0,0
2015,1,31,7, 4,  3,0,0
2015,1,31,7, 4,  4,1,0
2015,1,31,7, 4,  5,1,1
2015,1,31,7, 4,  6,0,0
2015,1,31,7, 4,  7,0,0
2015,1,31,7, 4,  8,0,0
2015,1,31,7, 4,  9,1,0
2015,1,31,7, 4, 10,0,1
2015,1,31,7, 4, 11,1,0
2015,1,31,7, 4, 12,0,0
2015,1,31,7, 4, 13,0,0
2015,1,31,7, 4, 14,0,0
2015,1,31,7, 4, 15,0,0
2015,1,31,7, 4, 16,1,1
2015,1,31,7, 4, 17,0,0
2015,1,31,7, 4, 18,0,0
2015,1,31,7, 4,  0,0,0
2015,1,31,7, 4,  1,0,0
2015,1,31,7, 4,  2,0,0
2015,1,31,7, 4,  3,0,0
2015,1,31,7, 4,  4,1,0
2015,1,31,7, 4,  5,1,1
2015,1,31,7, 4,  6,0,0
2015,1,31,7, 4,  7,0,0
2015,1,31,7, 4,  8,0,0
2015,1,31,7, 4,  9,1,0
2015,1,31,7, 4, 10,0,1
2015,1,31,7, 4, 11,1,0
2015,1,31,7, 4, 12,0,0
2015,1,31,7, 4, 13,0,0
2015,1,31,7, 4, 14,0,0
2015,1,31,7, 4, 15,1,0
2015,1,31,7, 4, 16,1,1
2015,1,31,7, 4, 17,0,0
2015,1,31,7, 4, 18,0,0
2015,1,31,7, 4,  0,0,0
2015,1,31,7, 4,  1,0,0
2015,1,31,7, 4,  2,0,0
2015,1,31,7, 4,  3,0,0
2015,1,31,7, 4,  4,1,0
2015,1,31,7, 4,  5,1,1
2015,1,31,7, 4,  6,0,0
2015,1,31,7, 4,  7,0,0
2015,1,31,7, 4,  8,0,0
2015,1,31,7, 4,  9,1,0
2015,1,31,7, 4, 10,0,1
2015,1,31,7, 4, 11,1,0
2015,1,31,7, 4, 12,0,0
2015,1,31,7, 4, 13,0,0
2015,1,31,7, 4, 14,0,0
2015,1,31,7, 4, 15,1,0
2015,1,31,7, 4, 16,1,1
2015,1,31,7, 4, 17,0,0
2015,1,31,7, 4, 18,0,0
2015,1,31,8, 4,  0,0,0
2015,1,31,8, 4,  1,0,0
2015,1,31,8, 4,  2,0,0
2015,1,31,8, 4,  3,0,0
2015,1,31,8, 4,  4,1,0
2015,1,31,8, 4,  5,1,1
2015,1,31,8, 4,  6,0,0
2015,1,31,8, 4,  7,0,0
2015,1,31,8, 4,  8,0,0
2015,1,31,8, 4,  9,1,0
2015,1,31,8, 4, 10,0,1
2015,1,31,8, 4, 11,1,0
2015,1,31,8, 4, 12,0,0
2015,1,31,8, 4, 13,0,0
2015,1,31,8, 4, 14,0,0
2015,1,31,8, 4, 15,1,0
2015,1,31,8, 4, 16,1,1
2015,1,31,8, 4, 17,0,0
2015,1,31,8, 4, 18,0,0
2015,1,31,8, 4,  0,0,0
2015,1,31,8, 4,  1,0,0
2015,1,31,8, 4,  2,0,0
2015,1,31,8, 4,  3,0,0
2015,1,31,8, 4,  4,1,0
2015,1,31,8, 4,  5,1,1
2015,1,31,8, 4,  6,0,0
2015,1,31,8, 4,  7,0,0
2015,1,31,8, 4,  8,0,0
2015,1,31,8, 4,  9,1,0
2015,1,31,8, 4, 10,0,1
2015,1,31,8, 4, 11,1,0
2015,1,31,8, 4, 12,0,0
2015,1,31,8, 4, 13,0,0
2015,1,31,8, 4, 14,0,0
2015,1,31,8, 4, 15,1,0
2015,1,31,8, 4, 16,1,1
2015,1,31,8, 4, 17,0,0
2015,1,31,8, 4, 18,0,0
2015,1,31,8, 4,  0,0,0
2015,1,31,8, 4,  1,0,0
2015,1,31,8, 4,  2,0,0
2015,1,31,8, 4,  3,0,0
2015,1,31,8, 4,  4,1,0
2015,1,31,8, 4,  5,1,1
2015,1,31,8, 4,  6,0,0
2015,1,31,8, 4,  7,0,0
2015,1,31,8, 4,  8,0,0
2015,1,31,8, 4,  9,1,0
2015,1,31,8, 4, 10,0,1
2015,1,31,8, 4, 11,1,0
2015,1,31,8, 4, 12,0,0
2015,1,31,8, 4, 13,0,0
2015,1,31,8, 4, 14,0,0
2015,1,31,8, 4, 15,1,0
2015,1,31,8, 4, 16,1,1
2015,1,31,8, 4, 17,0,0
2015,1,31,8, 4, 18,0,0
2015,1,31,8, 4,  0,0,0
2015,1,31,8, 4,  1,0,0
2015,1,31,8, 4,  2,0,0
2015,1,31,8, 4,  3,0,0
2015,1,31,8, 4,  4,1,0
2015,1,31,8, 4,  5,1,1
2015,1,31,8, 4,  6,0,0
2015,1,31,8, 4,  7,0,0
2015,1,31,8, 4,  8,0,0
2015,1,31,8, 4,  9,1,0
2015,1,31,8, 4, 10,0,1
2015,1,31,8, 4, 11,1,0
2015,1,31,8, 4, 12,0,0
2015,1,31,8, 4, 13,0,0
2015,1,31,8, 4, 14,0,0
2015,1,31,8, 4, 15,1,0
2015,1,31,8, 4, 16,1,1
2015,1,31,8, 4, 17,0,0
2015,1,31,8, 4, 18,0,0
2015,1,31,9, 4,  0,0,0
2015,1,31,9, 4,  1,0,0
2015,1,31,9, 4,  2,0,0
2015,1,31,9, 4,  3,1,0
2015,1,31,9, 4,  4,1,0
2015,1,31,9, 4,  5,1,1
2015,1,31,9, 4,  6,0,1
2015,1,31,9, 4,  7,0,0
2015,1,31,9, 4,  8,0,0
2015,1,31,9, 4,  9,1,0
2015,1,31,9, 4, 10,0,1
2015,1,31,9, 4, 11,1,0
2015,1,31,9, 4, 12,0,0
2015,1,31,9, 4, 13,0,0
2015,1,31,9, 4, 14,0,0
2015,1,31,9, 4, 15,1,0
2015,1,31,9, 4, 16,1,1
2015,1,31,9, 4, 17,0,0
2015,1,31,9, 4, 18,0,0
2015,1,31,9, 4,  0,0,0
2015,1,31,9, 4,  1,0,0
2015,1,31,9, 4,  2,0,0
2015,1,31,9, 4,  3,1,0
2015,1,31,9, 4,  4,1,0
2015,1,31,9, 4,  5,1,1
2015,1,31,9, 4,  6,0,1
2015,1,31,9, 4,  7,0,0
2015,1,31,9, 4,  8,0,0
2015,1,31,9, 4,  9,1,0
2015,1,31,9, 4, 10,0,1
2015,1,31,9, 4, 11,1,0
2015,1,31,9, 4, 12,0,0
2015,1,31,9, 4, 13,0,0
2015,1,31,9, 4, 14,0,0
2015,1,31,9, 4, 15,1,0
2015,1,31,9, 4, 16,1,1
2015,1,31,9, 4, 17,0,0
2015,1,31,9, 4, 18,0,0
2015,1,31,9, 4,  0,0,0
2015,1,31,9, 4,  1,0,0
2015,1,31,9, 4,  2,0,0
2015,1,31,9, 4,  3,1,0
2015,1,31,9, 4,  4,1,0
2015,1,31,9, 4,  5,1,1
2015,1,31,9, 4,  6,0,1
2015,1,31,9, 4,  7,0,0
2015,1,31,9, 4,  8,0,0
2015,1,31,9, 4,  9,1,0
2015,1,31,9, 4, 10,0,1
2015,1,31,9, 4, 11,1,0
2015,1,31,9, 4, 12,0,0
2015,1,31,9, 4, 13,0,0
2015,1,31,9, 4, 14,0,0
2015,1,31,9, 4, 15,1,0
2015,1,31,9, 4, 16,1,1
2015,1,31,9, 4, 17,0,0
2015,1,31,9, 4, 18,0,0
2015,1,31,9, 4,  0,0,0
2015,1,31,9, 4,  1,0,0
2015,1,31,9, 4,  2,0,0
2015,1,31,9, 4,  3,1,0
2015,1,31,9, 4,  4,1,0
2015,1,31,9, 4,  5,1,1
2015,1,31,9, 4,  6,0,1
2015,1,31,9, 4,  7,0,0
2015,1,31,9, 4,  8,0,0
2015,1,31,9, 4,  9,1,0
2015,1,31,9, 4, 10,0,1
2015,1,31,9, 4, 11,1,0
2015,1,31,9, 4, 12,0,0
2015,1,31,9, 4, 13,0,0
2015,1,31,9, 4, 14,0,0
2015,1,31,9, 4, 15,1,0
2015,1,31,9, 4, 16,1,1
2015,1,31,9, 4, 17,0,0
2015,1,31,9, 4, 18,0,0
2015,1,31,10, 4,  0,0,0
2015,1,31,10, 4,  1,0,0
2015,1,31,10, 4,  2,0,0
2015,1,31,10, 4,  3,1,0
2015,1,31,10, 4,  4,1,0
2015,1,31,10, 4,  5,1,1
2015,1,31,10, 4,  6,0,1
2015,1,31,10, 4,  7,0,0
2015,1,31,10, 4,  8,0,0
2015,1,31,10, 4,  9,1,0
2015,1,31,10, 4, 10,0,1
2015,1,31,10, 4, 11,1,0
2015,1,31,10, 4, 12,0,0
2015,1,31,10, 4, 13,0,0
2015,1,31,10, 4, 14,0,0
2015,1,31,10, 4, 15,1,0
2015,1,31,10, 4, 16,1,1
2015,1,31,10, 4, 17,0,0
2015,1,31,10, 4, 18,0,0
2015,1,31,10, 4,  0,0,0
2015,1,31,10, 4,  1,0,0
2015,1,31,10, 4,  2,0,0
2015,1,31,10, 4,  3,1,0
2015,1,31,10, 4,  4,1,0
2015,1,31,10, 4,  5,1,1
2015,1,31,10, 4,  6,0,1
2015,1,31,10, 4,  7,0,0
2015,1,31,10, 4,  8,0,0
2015,1,31,10, 4,  9,1,0
2015,1,31,10, 4, 10,0,1
2015,1,31,10, 4, 11,1,0
2015,1,31,10, 4, 12,0,0
2015,1,31,10, 4, 13,0,0
2015,1,31,10, 4, 14,0,0
2015,1,31,10, 4, 15,1,0
2015,1,31,10, 4, 16,1,1
2015,1,31,10, 4, 17,0,0
2015,1,31,10, 4, 18,0,0
2015,1,31,10, 4,  0,0,0
2015,1,31,10, 4,  1,0,0
2015,1,31,10, 4,  2,0,0
2015,1,31,10, 4,  3,1,0
2015,1,31,10, 4,  4,1,0
2015,1,31,10, 4,  5,1,1
2015,1,31,10, 4,  6,0,1
2015,1,31,10, 4,  7,0,0
2015,1,31,10, 4,  8,0,0
2015,1,31,10, 4,  9,1,0
2015,1,31,10, 4, 10,0,1
2015,1,31,10, 4, 11,1,0
2015,1,31,10, 4, 12,0,0
2015,1,31,10, 4, 13,0,0
2015,1,31,10, 4, 14,0,0
2015,1,31,10, 4, 15,1,0
2015,1,31,10, 4, 16,1,1
2015,1,31,10, 4, 17,0,0
2015,1,31,10, 4, 18,0,0
2015,1,31,10, 4,  0,0,0
2015,1,31,10, 4,  1,0,0
2015,1,31,10, 4,  2,0,0
2015,1,31,10, 4,  3,1,0
2015,1,31,10, 4,  4,1,0
2015,1,31,10, 4,  5,1,1
2015,1,31,10, 4,  6,0,1
2015,1,31,10, 4,  7,0,0
2015,1,31,10, 4,  8,0,0
2015,1,31,10, 4,  9,1,0
2015,1,31,10, 4, 10,0,1
2015,1,31,10, 4, 11,1,0
2015,1,31,10, 4, 12,0,0
2015,1,31,10, 4, 13,0,0
2015,1,31,10, 4, 14,0,0
2015,1,31,10, 4, 15,1,0
2015,1,31,10, 4, 16,1,1
2015,1,31,10, 4, 17,0,0
2015,1,31,10, 4, 18,0,0
2015,1,31,11, 4,  0,0,0
2015,1,31,11, 4,  1,0,0
2015,1,31,11, 4,  2,0,0
2015,1,31,11, 4,  3,1,0
2015,1,31,11, 4,  4,1,0
2015,1,31,11, 4,  5,1,1
2015,1,31,11, 4,  6,0,1
2015,1,31,11, 4,  7,0,0
2015,1,31,11, 4,  8,0,0
2015,1,31,11, 4,  9,1,0
2015,1,31,11, 4, 10,0,1
2015,1,31,11, 4, 11,1,0
2015,1,31,11, 4, 12,0,0
2015,1,31,11, 4, 13,0,0
2015,1,31,11, 4, 14,0,0
2015,1,31,11, 4, 15,1,0
2015,1,31,11, 4, 16,1,1
2015,1,31,11, 4, 17,0,0
2015,1,31,11, 4, 18,0,0
2015,1,31,11, 4,  0,0,0
2015,1,31,11, 4,  1,0,0
2015,1,31,11, 4,  2,0,0
2015,1,31,11, 4,  3,1,0
2015,1,31,11, 4,  4,1,0
2015,1,31,11, 4,  5,1,1
2015,1,31,11, 4,  6,0,1
2015,1,31,11, 4,  7,0,0
2015,1,31,11, 4,  8,0,0
2015,1,31,11, 4,  9,1,0
2015,1,31,11, 4, 10,0,1
2015,1,31,11, 4, 11,1,0
2015,1,31,11, 4, 12,0,0
2015,1,31,11, 4, 13,0,0
2015,1,31,11, 4, 14,0,0
2015,1,31,11, 4, 15,1,0
2015,1,31,11, 4, 16,1,1
2015,1,31,11, 4, 17,0,0
2015,1,31,11, 4, 18,0,0
2015,1,31,11, 4,  0,0,0
2015,1,31,11, 4,  1,0,0
2015,1,31,11, 4,  2,0,0
2015,1,31,11, 4,  3,1,0
2015,1,31,11, 4,  4,1,0
2015,1,31,11, 4,  5,1,1
2015,1,31,11, 4,  6,0,1
2015,1,31,11, 4,  7,0,0
2015,1,31,11, 4,  8,0,0
2015,1,31,11, 4,  9,1,0
2015,1,31,11, 4, 10,0,1
2015,1,31,11, 4, 11,1,0
2015,1,31,11, 4, 12,0,0
2015,1,31,11, 4, 13,0,0
2015,1,31,11, 4, 14,0,0
2015,1,31,11, 4, 15,1,0
2015,1,31,11, 4, 16,1,1
2015,1,31,11, 4, 17,0,0
2015,1,31,11, 4, 18,0,0
2015,1,31,11, 4,  0,0,0
2015,1,31,11, 4,  1,0,0
2015,1,31,11, 4,  2,0,0
2015,1,31,11, 4,  3,1,0
2015,1,31,11, 4,  4,1,0
2015,1,31,11, 4,  5,1,1
2015,1,31,11, 4,  6,0,1
2015,1,31,11, 4,  7,0,0
2015,1,31,11, 4,  8,0,0
2015,1,31,11, 4,  9,1,0
2015,1,31,11, 4, 10,0,1
2015,1,31,11, 4, 11,1,0
2015,1,31,11, 4, 12,0,0
2015,1,31,11, 4, 13,0,0
2015,1,31,11, 4, 14,0,0
2015,1,31,11, 4, 15,1,0
2015,1,31,11, 4, 16,1,1
2015,1,31,11, 4, 17,0,0
2015,1,31,11, 4, 18,0,0
2015,1,31,12, 4,  0,0,0
2015,1,31,12, 4,  1,0,0
2015,1,31,12, 4,  2,0,0
2015,1,31,12, 4,  3,1,0
2015,1,31,12, 4,  4,1,0
2015,1,31,12, 4,  5,1,1
2015,1,31,12, 4,  6,0,1
2015,1,31,12, 4,  7,0,0
2015,1,31,12, 4,  8,0,0
2015,1,31,12, 4,  9,1,0
2015,1,31,12, 4, 10,0,1
2015,1,31,12, 4, 11,1,0
2015,1,31,12, 4, 12,0,0
2015,1,31,12, 4, 13,0,0
2015,1,31,12, 4, 14,0,0
2015,1,31,12, 4, 15,1,0
2015,1,31,12, 4, 16,1,1
2015,1,31,12, 4, 17,0,0
2015,1,31,12, 4, 18,0,0
2015,1,31,12, 4,  0,0,0
2015,1,31,12, 4,  1,0,0
2015,1,31,12, 4,  2,0,0
2015,1,31,12, 4,  3,1,0
2015,1,31,12, 4,  4,1,0
2015,1,31,12, 4,  5,1,1
2015,1,31,12, 4,  6,0,1
2015,1,31,12, 4,  7,0,0
2015,1,31,12, 4,  8,0,0
2015,1,31,12, 4,  9,1,0
2015,1,31,12, 4, 10,0,1
2015,1,31,12, 4, 11,1,0
2015,1,31,12, 4, 12,0,0
2015,1,31,12, 4, 13,0,0
2015,1,31,12, 4, 14,0,0
2015,1,31,12, 4, 15,1,0
2015,1,31,12, 4, 16,1,1
2015,1,31,12, 4, 17,0,0
2015,1,31,12, 4, 18,0,0
2015,1,31,12, 4,  0,0,0
2015,1,31,12, 4,  1,0,0
2015,1,31,12, 4,  2,0,0
2015,1,31,12, 4,  3,1,0
2015,1,31,12, 4,  4,1,0
2015,1,31,12, 4,  5,1,1
2015,1,31,12, 4,  6,0,1
2015,1,31,12, 4,  7,0,0
2015,1,31,12, 4,  8,0,0
2015,1,31,12, 4,  9,1,0
2015,1,31,12, 4, 10,0,1
2015,1,31,12, 4, 11,1,0
2015,1,31,12, 4, 12,0,0
2015,1,31,12, 4, 13,0,0
2015,1,31,12, 4, 14,0,0
2015,1,31,12, 4, 15,1,0
2015,1,31,12, 4, 16,1,1
2015,1,31,12, 4, 17,0,0
2015,1,31,12, 4, 18,0,0
2015,1,31,12, 4,  0,0,0
2015,1,31,12, 4,  1,0,0
2015,1,31,12, 4,  2,0,0
2015,1,31,12, 4,  3,1,0
2015,1,31,12, 4,  4,1,0
2015,1,31,12, 4,  5,1,1
2015,1,31,12, 4,  6,0,1
2015,1,31,12, 4,  7,0,0
2015,1,31,12, 4,  8,0,0
2015,1,31,12, 4,  9,1,0
2015,1,31,12, 4, 10,0,1
2015,1,31,12, 4, 11,1,0
2015,1,31,12, 4, 12,0,0
2015,1,31,12, 4, 13,0,0
2015,1,31,12, 4, 14,0,0
2015,1,31,12, 4, 15,1,0
2015,1,31,12, 4, 16,1,2
2015,1,31,12, 4, 17,0,2
2015,1,31,12, 4, 18,0,2
2015,1,31,13, 4,  0,0,0
2015,1,31,13, 4,  1,0,0
2015,1,31,13, 4,  2,0,0
2015,1,31,13, 4,  3,1,0
2015,1,31,13, 4,  4,1,0
2015,1,31,13, 4,  5,1,1
2015,1,31,13, 4,  6,0,1
2015,1,31,13, 4,  7,0,0
2015,1,31,13, 4,  8,0,0
2015,1,31,13, 4,  9,1,0
2015,1,31,13, 4, 10,0,1
2015,1,31,13, 4, 11,1,0
2015,1,31,13, 4, 12,0,0
2015,1,31,13, 4, 13,0,0
2015,1,31,13, 4, 14,0,0
2015,1,31,13, 4, 15,1,0
2015,1,31,13, 4, 16,1,2
2015,1,31,13, 4, 17,0,2
2015,1,31,13, 4, 18,0,2
2015,1,31,13, 4,  0,0,0
2015,1,31,13, 4,  1,0,0
2015,1,31,13, 4,  2,0,0
2015,1,31,13, 4,  3,1,0
2015,1,31,13, 4,  4,1,0
2015,1,31,13, 4,  5,1,1
2015,1,31,13, 4,  6,0,1
2015,1,31,13, 4,  7,0,0
2015,1,31,13, 4,  8,0,0
2015,1,31,13, 4,  9,1,0
2015,1,31,13, 4, 10,0,1
2015,1,31,13, 4, 11,1,0
2015,1,31,13, 4, 12,0,0
2015,1,31,13, 4, 13,0,0
2015,1,31,13, 4, 14,0,0
2015,1,31,13, 4, 15,1,0
2015,1,31,13, 4, 16,1,1
2015,1,31,13, 4, 17,0,0
2015,1,31,13, 4, 18,0,0
2015,1,31,13, 4,  0,0,0
2015,1,31,13, 4,  1,0,0
2015,1,31,13, 4,  2,0,0
2015,1,31,13, 4,  3,1,0
2015,1,31,13, 4,  4,1,0
2015,1,31,13, 4,  5,1,1
2015,1,31,13, 4,  6,0,1
2015,1,31,13, 4,  7,0,0
2015,1,31,13, 4,  8,0,0
2015,1,31,13, 4,  9,1,0
2015,1,31,13, 4, 10,0,1
2015,1,31,13, 4, 11,1,0
2015,1,31,13, 4, 12,0,0
2015,1,31,13, 4, 13,0,0
2015,1,31,13, 4, 14,0,0
2015,1,31,13, 4, 15,1,0
2015,1,31,13, 4, 16,1,1
2015,1,31,13, 4, 17,0,0
2015,1,31,13, 4, 18,0,0
2015,1,31,13, 4,  0,0,0
2015,1,31,13, 4,  1,0,0
2015,1,31,13, 4,  2,0,0
2015,1,31,13, 4,  3,1,0
2015,1,31,13, 4,  4,1,0
2015,1,31,13, 4,  5,1,1
2015,1,31,13, 4,  6,0,1
2015,1,31,13, 4,  7,0,0
2015,1,31,13, 4,  8,0,0
2015,1,31,13, 4,  9,1,0
2015,1,31,13, 4, 10,0,1
2015,1,31,13, 4, 11,1,1
2015,1,31,13, 4, 12,1,0
2015,1,31,13, 4, 13,0,0
2015,1,31,13, 4, 14,2,0
2015,1,31,13, 4, 15,2,0
2015,1,31,13, 4, 16,2,1
2015,1,31,13, 4, 17,0,0
2015,1,31,13, 4, 18,0,0
2015,1,31,14, 4,  0,0,0
2015,1,31,14, 4,  1,0,0
2015,1,31,14, 4,  2,0,0
2015,1,31,14, 4,  3,1,0
2015,1,31,14, 4,  4,1,0
2015,1,31,14, 4,  5,1,1
2015,1,31,14, 4,  6,0,1
2015,1,31,14, 4,  7,0,0
2015,1,31,14, 4,  8,0,0
2015,1,31,14, 4,  9,1,0
2015,1,31,14, 4, 10,0,1
2015,1,31,14, 4, 11,1,1
2015,1,31,14, 4, 12,1,0
2015,1,31,14, 4, 13,0,0
2015,1,31,14, 4, 14,2,0
2015,1,31,14, 4, 15,2,0
2015,1,31,14, 4, 16,2,1
2015,1,31,14, 4, 17,0,0
2015,1,31,14, 4, 18,0,0
2015,1,31,14, 4,  0,0,0
2015,1,31,14, 4,  1,0,0
2015,1,31,14, 4,  2,0,0
2015,1,31,14, 4,  3,1,0
2015,1,31,14, 4,  4,1,0
2015,1,31,14, 4,  5,1,1
2015,1,31,14, 4,  6,0,1
2015,1,31,14, 4,  7,0,0
2015,1,31,14, 4,  8,0,0
2015,1,31,14, 4,  9,1,0
2015,1,31,14, 4, 10,0,1
2015,1,31,14, 4, 11,1,1
2015,1,31,14, 4, 12,1,0
2015,1,31,14, 4, 13,0,0
2015,1,31,14, 4, 14,2,0
2015,1,31,14, 4, 15,2,0
2015,1,31,14, 4, 16,2,1
2015,1,31,14, 4, 17,0,0
2015,1,31,14, 4, 18,0,0
2015,1,31,14, 4,  0,0,0
2015,1,31,14, 4,  1,0,0
2015,1,31,14, 4,  2,0,0
2015,1,31,14, 4,  3,1,0
2015,1,31,14, 4,  4,1,0
2015,1,31,14, 4,  5,1,1
2015,1,31,14, 4,  6,0,1
2015,1,31,14, 4,  7,0,0
2015,1,31,14, 4,  8,0,0
2015,1,31,14, 4,  9,1,0
2015,1,31,14, 4, 10,0,1
2015,1,31,14, 4, 11,1,1
2015,1,31,14, 4, 12,1,0
2015,1,31,14, 4, 13,0,0
2015,1,31,14, 4, 14,2,0
2015,1,31,14, 4, 15,2,0
2015,1,31,14, 4, 16,2,1
2015,1,31,14, 4, 17,0,0
2015,1,31,14, 4, 18,0,0
2015,1,31,14, 4,  0,0,0
2015,1,31,14, 4,  1,0,0
2015,1,31,14, 4,  2,0,0
2015,1,31,14, 4,  3,1,0
2015,1,31,14, 4,  4,1,0
2015,1,31,14, 4,  5,1,1
2015,1,31,14, 4,  6,0,1
2015,1,31,14, 4,  7,0,0
2015,1,31,14, 4,  8,0,0
2015,1,31,14, 4,  9,1,0
2015,1,31,14, 4, 10,0,1
2015,1,31,14, 4, 11,1,1
2015,1,31,14, 4, 12,1,0
2015,1,31,14, 4, 13,0,0
2015,1,31,14, 4, 14,2,0
2015,1,31,14, 4, 15,2,0
2015,1,31,14, 4, 16,2,1
2015,1,31,14, 4, 17,0,0
2015,1,31,14, 4, 18,0,0
2015,1,31,15, 4,  0,0,0
2015,1,31,15, 4,  1,0,0
2015,1,31,15, 4,  2,0,0
2015,1,31,15, 4,  3,1,0
2015,1,31,15, 4,  4,1,0
2015,1,31,15, 4,  5,1,1
2015,1,31,15, 4,  6,0,1
2015,1,31,15, 4,  7,0,0
2015,1,31,15, 4,  8,0,0
2015,1,31,15, 4,  9,1,0
2015,1,31,15, 4, 10,0,1
2015,1,31,15, 4, 11,1,1
2015,1,31,15, 4, 12,1,0
2015,1,31,15, 4, 13,0,0
2015,1,31,15, 4, 14,2,0
2015,1,31,15, 4, 15,2,0
2015,1,31,15, 4, 16,2,1
2015,1,31,15, 4, 17,0,0
2015,1,31,15, 4, 18,0,0
2015,1,31,15, 4,  0,0,0
2015,1,31,15, 4,  1,0,0
2015,1,31,15, 4,  2,0,0
2015,1,31,15, 4,  3,1,0
2015,1,31,15, 4,  4,1,0
2015,1,31,15, 4,  5,1,1
2015,1,31,15, 4,  6,0,1
2015,1,31,15, 4,  7,0,0
2015,1,31,15, 4,  8,0,0
2015,1,31,15, 4,  9,1,0
2015,1,31,15, 4, 10,0,1
2015,1,31,15, 4, 11,1,1
2015,1,31,15, 4, 12,1,0
2015,1,31,15, 4, 13,0,0
2015,1,31,15, 4, 14,2,0
2015,1,31,15, 4, 15,2,0
2015,1,31,15, 4, 16,2,1
2015,1,31,15, 4, 17,0,0
2015,1,31,15, 4, 18,0,0
2015,1,31,15, 4,  0,0,0
2015,1,31,15, 4,  1,0,0
2015,1,31,15, 4,  2,0,0
2015,1,31,15, 4,  3,1,0
2015,1,31,15, 4,  4,1,0
2015,1,31,15, 4,  5,1,1
2015,1,31,15, 4,  6,0,1
2015,1,31,15, 4,  7,0,0
2015,1,31,15, 4,  8,0,0
2015,1,31,15, 4,  9,1,0
2015,1,31,15, 4, 10,0,1
2015,1,31,15, 4, 11,1,1
2015,1,31,15, 4, 12,1,0
2015,1,31,15, 4, 13,0,0
2015,1,31,15, 4, 14,2,0
2015,1,31,15, 4, 15,2,0
2015,1,31,15, 4, 16,2,1
2015,1,31,15, 4, 17,0,0
2015,1,31,15, 4, 18,0,0
2015,1,31,15, 4,  0,0,0
2015,1,31,15, 4,  1,0,0
2015,1,31,15, 4,  2,0,0
2015,1,31,15, 4,  3,1,0
2015,1,31,15, 4,  4,1,0
2015,1,31,15, 4,  5,1,1
2015,1,31,15, 4,  6,0,1
2015,1,31,15, 4,  7,0,0
2015,1,31,15, 4,  8,0,0
2015,1,31,15, 4,  9,1,0
2015,1,31,15, 4, 10,0,1
2015,1,31,15, 4, 11,1,1
2015,1,31,15, 4, 12,1,1
2015,1,31,15, 4, 13,0,0
2015,1,31,15, 4, 14,0,0
2015,1,31,15, 4, 15,1,0
2015,1,31,15, 4, 16,1,1
2015,1,31,15, 4, 17,1,0
2015,1,31,15, 4, 18,0,0
2015,1,31,16, 4,  0,0,0
2015,1,31,16, 4,  1,0,0
2015,1,31,16, 4,  2,0,0
2015,1,31,16, 4,  3,1,0
2015,1,31,16, 4,  4,1,0
2015,1,31,16, 4,  5,1,1
2015,1,31,16, 4,  6,0,1
2015,1,31,16, 4,  7,0,0
2015,1,31,16, 4,  8,0,0
2015,1,31,16, 4,  9,1,0
2015,1,31,16, 4, 10,0,1
2015,1,31,16, 4, 11,1,1
2015,1,31,16, 4, 12,1,1
2015,1,31,16, 4, 13,0,0
2015,1,31,16, 4, 14,0,0
2015,1,31,16, 4, 15,1,0
2015,1,31,16, 4, 16,1,1
2015,1,31,16, 4, 17,1,0
2015,1,31,16, 4, 18,0,0
2015,1,31,16, 4,  0,0,0
2015,1,31,16, 4,  1,0,0
2015,1,31,16, 4,  2,0,0
2015,1,31,16, 4,  3,1,0
2015,1,31,16, 4,  4,1,0
2015,1,31,16, 4,  5,1,1
2015,1,31,16, 4,  6,0,1
2015,1,31,16, 4,  7,0,0
2015,1,31,16, 4,  8,0,0
2015,1,31,16, 4,  9,1,0
2015,1,31,16, 4, 10,1,1
2015,1,31,16, 4, 11,1,1
2015,1,31,16, 4, 12,1,1
2015,1,31,16, 4, 13,0,0
2015,1,31,16, 4, 14,0,0
2015,1,31,16, 4, 15,1,0
2015,1,31,16, 4, 16,1,1
2015,1,31,16, 4, 17,1,0
2015,1,31,16, 4, 18,0,0
2015,1,31,16, 4,  0,0,0
2015,1,31,16, 4,  1,0,0
2015,1,31,16, 4,  2,0,0
2015,1,31,16, 4,  3,1,0
2015,1,31,16, 4,  4,1,0
2015,1,31,16, 4,  5,1,1
2015,1,31,16, 4,  6,0,1
2015,1,31,16, 4,  7,0,0
2015,1,31,16, 4,  8,0,0
2015,1,31,16, 4,  9,1,0
2015,1,31,16, 4, 10,0,1
2015,1,31,16, 4, 11,1,1
2015,1,31,16, 4, 12,1,1
2015,1,31,16, 4, 13,0,0
2015,1,31,16, 4, 14,2,0
2015,1,31,16, 4, 15,2,0
2015,1,31,16, 4, 16,2,1
2015,1,31,16, 4, 17,0,0
2015,1,31,16, 4, 18,0,0
2015,1,31,16, 4,  0,0,0
2015,1,31,16, 4,  1,0,0
2015,1,31,16, 4,  2,0,0
2015,1,31,16, 4,  3,1,0
2015,1,31,16, 4,  4,1,0
2015,1,31,16, 4,  5,1,1
2015,1,31,16, 4,  6,0,1
2015,1,31,16, 4,  7,0,0
2015,1,31,16, 4,  8,0,0
2015,1,31,16, 4,  9,1,0
2015,1,31,16, 4, 10,0,1
2015,1,31,16, 4, 11,1,1
2015,1,31,16, 4, 12,1,1
2015,1,31,16, 4, 13,0,0
2015,1,31,16, 4, 14,2,0
2015,1,31,16, 4, 15,2,0
2015,1,31,16, 4, 16,2,1
2015,1,31,16, 4, 17,0,0
2015,1,31,16, 4, 18,0,0
2015,1,31,17, 4,  0,0,0
2015,1,31,17, 4,  1,0,0
2015,1,31,17, 4,  2,0,0
2015,1,31,17, 4,  3,1,0
2015,1,31,17, 4,  4,1,0
2015,1,31,17, 4,  5,1,1
2015,1,31,17, 4,  6,0,1
2015,1,31,17, 4,  7,0,0
2015,1,31,17, 4,  8,0,0
2015,1,31,17, 4,  9,1,0
2015,1,31,17, 4, 10,0,1
2015,1,31,17, 4, 11,1,1
2015,1,31,17, 4, 12,1,1
2015,1,31,17, 4, 13,0,0
2015,1,31,17, 4, 14,2,0
2015,1,31,17, 4, 15,2,0
2015,1,31,17, 4, 16,2,1
2015,1,31,17, 4, 17,0,0
2015,1,31,17, 4, 18,0,0
2015,1,31,17, 4,  0,0,0
2015,1,31,17, 4,  1,0,0
2015,1,31,17, 4,  2,0,0
2015,1,31,17, 4,  3,1,0
2015,1,31,17, 4,  4,1,0
2015,1,31,17, 4,  5,1,1
2015,1,31,17, 4,  6,0,1
2015,1,31,17, 4,  7,0,0
2015,1,31,17, 4,  8,0,0
2015,1,31,17, 4,  9,1,0
2015,1,31,17, 4, 10,0,1
2015,1,31,17, 4, 11,1,1
2015,1,31,17, 4, 12,1,1
2015,1,31,17, 4, 13,0,0
2015,1,31,17, 4, 14,2,0
2015,1,31,17, 4, 15,2,0
2015,1,31,17, 4, 16,2,1
2015,1,31,17, 4, 17,0,0
2015,1,31,17, 4, 18,0,0
2015,1,31,17, 4,  0,0,0
2015,1,31,17, 4,  1,0,0
2015,1,31,17, 4,  2,0,0
2015,1,31,17, 4,  3,1,0
2015,1,31,17, 4,  4,1,0
2015,1,31,17, 4,  5,1,1
2015,1,31,17, 4,  6,0,1
2015,1,31,17, 4,  7,0,0
2015,1,31,17, 4,  8,0,0
2015,1,31,17, 4,  9,1,0
2015,1,31,17, 4, 10,0,1
2015,1,31,17, 4, 11,1,1
2015,1,31,17, 4, 12,1,1
2015,1,31,17, 4, 13,0,0
2015,1,31,17, 4, 14,2,0
2015,1,31,17, 4, 15,2,0
2015,1,31,17, 4, 16,2,1
2015,1,31,17, 4, 17,0,0
2015,1,31,17, 4, 18,0,0
2015,1,31,17, 4,  0,0,0
2015,1,31,17, 4,  1,0,0
2015,1,31,17, 4,  2,0,0
2015,1,31,17, 4,  3,1,0
2015,1,31,17, 4,  4,1,0
2015,1,31,17, 4,  5,1,1
2015,1,31,17, 4,  6,0,1
2015,1,31,17, 4,  7,0,0
2015,1,31,17, 4,  8,0,0
2015,1,31,17, 4,  9,1,0
2015,1,31,17, 4, 10,0,1
2015,1,31,17, 4, 11,1,1
2015,1,31,17, 4, 12,1,1
2015,1,31,17, 4, 13,0,0
2015,1,31,17, 4, 14,2,0
2015,1,31,17, 4, 15,2,0
2015,1,31,17, 4, 16,2,1
2015,1,31,17, 4, 17,0,0
2015,1,31,17, 4, 18,0,0
2015,1,31,18, 4,  0,0,0
2015,1,31,18, 4,  1,0,0
2015,1,31,18, 4,  2,0,0
2015,1,31,18, 4,  3,1,0
2015,1,31,18, 4,  4,1,0
2015,1,31,18, 4,  5,1,1
2015,1,31,18, 4,  6,0,1
2015,1,31,18, 4,  7,0,0
2015,1,31,18, 4,  8,0,0
2015,1,31,18, 4,  9,1,0
2015,1,31,18, 4, 10,0,1
2015,1,31,18, 4, 11,1,1
2015,1,31,18, 4, 12,1,1
2015,1,31,18, 4, 13,0,0
2015,1,31,18, 4, 14,2,0
2015,1,31,18, 4, 15,2,0
2015,1,31,18, 4, 16,2,2
2015,1,31,18, 4, 17,0,2
2015,1,31,18, 4, 18,0,2
2015,1,31,18, 4,  0,0,0
2015,1,31,18, 4,  1,0,0
2015,1,31,18, 4,  2,0,0
2015,1,31,18, 4,  3,1,0
2015,1,31,18, 4,  4,1,0
2015,1,31,18, 4,  5,1,1
2015,1,31,18, 4,  6,0,1
2015,1,31,18, 4,  7,0,0
2015,1,31,18, 4,  8,0,0
2015,1,31,18, 4,  9,1,0
2015,1,31,18, 4, 10,0,1
2015,1,31,18, 4, 11,1,1
2015,1,31,18, 4, 12,1,1
2015,1,31,18, 4, 13,0,0
2015,1,31,18, 4, 14,2,0
2015,1,31,18, 4, 15,2,0
2015,1,31,18, 4, 16,2,2
2015,1,31,18, 4, 17,0,2
2015,1,31,18, 4, 18,0,2
2015,1,31,18, 4,  0,0,0
2015,1,31,18, 4,  1,0,0
2015,1,31,18, 4,  2,0,0
2015,1,31,18, 4,  3,1,0
2015,1,31,18, 4,  4,1,0
2015,1,31,18, 4,  5,1,1
2015,1,31,18, 4,  6,0,1
2015,1,31,18, 4,  7,0,0
2015,1,31,18, 4,  8,0,0
2015,1,31,18, 4,  9,1,0
2015,1,31,18, 4, 10,0,1
2015,1,31,18, 4, 11,1,1
2015,1,31,18, 4, 12,1,1
2015,1,31,18, 4, 13,0,0
2015,1,31,18, 4, 14,2,0
2015,1,31,18, 4, 15,2,0
2015,1,31,18, 4, 16,2,2
2015,1,31,18, 4, 17,0,2
2015,1,31,18, 4, 18,0,2
2015,1,31,18, 4,  0,0,0
2015,1,31,18, 4,  1,0,0
2015,1,31,18, 4,  2,0,0
2015,1,31,18, 4,  3,1,0
2015,1,31,18, 4,  4,1,0
2015,1,31,18, 4,  5,1,1
2015,1,31,18, 4,  6,0,1
2015,1,31,18, 4,  7,0,0
2015,1,31,18, 4,  8,0,0
2015,1,31,18, 4,  9,1,0
2015,1,31,18, 4, 10,0,1
2015,1,31,18, 4, 11,1,1
2015,1,31,18, 4, 12,1,1
2015,1,31,18, 4, 13,0,0
2015,1,31,18, 4, 14,2,0
2015,1,31,18, 4, 15,2,0
2015,1,31,18, 4, 16,2,2
2015,1,31,18, 4, 17,0,2
2015,1,31,18, 4, 18,0,2
2015,1,31,19, 4,  0,0,0
2015,1,31,19, 4,  1,0,0
2015,1,31,19, 4,  2,0,0
2015,1,31,19, 4,  3,1,0
2015,1,31,19, 4,  4,1,0
2015,1,31,19, 4,  5,1,1
2015,1,31,19, 4,  6,0,1
2015,1,31,19, 4,  7,0,0
2015,1,31,19, 4,  8,0,0
2015,1,31,19, 4,  9,1,0
2015,1,31,19, 4, 10,0,2
2015,1,31,19, 4, 11,1,2
2015,1,31,19, 4, 12,1,2
2015,1,31,19, 4, 13,0,0
2015,1,31,19, 4, 14,2,0
2015,1,31,19, 4, 15,2,0
2015,1,31,19, 4, 16,2,2
2015,1,31,19, 4, 17,0,2
2015,1,31,19, 4, 18,0,2
2015,1,31,19, 4,  0,0,0
2015,1,31,19, 4,  1,0,0
2015,1,31,19, 4,  2,0,0
2015,1,31,19, 4,  3,1,0
2015,1,31,19, 4,  4,1,0
2015,1,31,19, 4,  5,1,1
2015,1,31,19, 4,  6,0,1
2015,1,31,19, 4,  7,0,0
2015,1,31,19, 4,  8,0,0
2015,1,31,19, 4,  9,1,0
2015,1,31,19, 4, 10,0,2
2015,1,31,19, 4, 11,1,2
2015,1,31,19, 4, 12,1,2
2015,1,31,19, 4, 13,0,0
2015,1,31,19, 4, 14,2,0
2015,1,31,19, 4, 15,2,0
2015,1,31,19, 4, 16,2,2
2015,1,31,19, 4, 17,0,2
2015,1,31,19, 4, 18,0,2
2015,1,31,19, 4,  0,0,0
2015,1,31,19, 4,  1,0,0
2015,1,31,19, 4,  2,0,0
2015,1,31,19, 4,  3,1,0
2015,1,31,19, 4,  4,1,0
2015,1,31,19, 4,  5,1,1
2015,1,31,19, 4,  6,0,1
2015,1,31,19, 4,  7,0,0
2015,1,31,19, 4,  8,0,0
2015,1,31,19, 4,  9,1,0
2015,1,31,19, 4, 10,0,2
2015,1,31,19, 4, 11,1,2
2015,1,31,19, 4, 12,1,2
2015,1,31,19, 4, 13,0,0
2015,1,31,19, 4, 14,2,0
2015,1,31,19, 4, 15,2,0
2015,1,31,19, 4, 16,2,2
2015,1,31,19, 4, 17,0,2
2015,1,31,19, 4, 18,0,2
2015,1,31,19, 4,  0,0,0
2015,1,31,19, 4,  1,0,0
2015,1,31,19, 4,  2,0,0
2015,1,31,19, 4,  3,1,0
2015,1,31,19, 4,  4,1,0
2015,1,31,19, 4,  5,1,1
2015,1,31,19, 4,  6,0,1
2015,1,31,19, 4,  7,0,0
2015,1,31,19, 4,  8,0,0
2015,1,31,19, 4,  9,1,0
2015,1,31,19, 4, 10,0,2
2015,1,31,19, 4, 11,1,2
2015,1,31,19, 4, 12,1,2
2015,1,31,19, 4, 13,0,0
2015,1,31,19, 4, 14,2,0
2015,1,31,19, 4, 15,2,0
2015,1,31,19, 4, 16,2,2
2015,1,31,19, 4, 17,0,2
2015,1,31,19, 4, 18,0,2
2015,1,31,20, 4,  0,0,0
2015,1,31,20, 4,  1,0,0
2015,1,31,20, 4,  2,0,0
2015,1,31,20, 4,  3,1,0
2015,1,31,20, 4,  4,1,0
2015,1,31,20, 4,  5,1,1
2015,1,31,20, 4,  6,0,1
2015,1,31,20, 4,  7,0,0
2015,1,31,20, 4,  8,0,0
2015,1,31,20, 4,  9,1,0
2015,1,31,20, 4, 10,0,2
2015,1,31,20, 4, 11,1,2
2015,1,31,20, 4, 12,1,2
2015,1,31,20, 4, 13,0,0
2015,1,31,20, 4, 14,2,0
2015,1,31,20, 4, 15,2,0
2015,1,31,20, 4, 16,2,2
2015,1,31,20, 4, 17,0,2
2015,1,31,20, 4, 18,0,2
2015,1,31,20, 4,  0,0,0
2015,1,31,20, 4,  1,0,0
2015,1,31,20, 4,  2,0,0
2015,1,31,20, 4,  3,1,0
2015,1,31,20, 4,  4,1,0
2015,1,31,20, 4,  5,1,1
2015,1,31,20, 4,  6,0,1
2015,1,31,20, 4,  7,0,0
2015,1,31,20, 4,  8,0,0
2015,1,31,20, 4,  9,1,0
2015,1,31,20, 4, 10,0,2
2015,1,31,20, 4, 11,1,2
2015,1,31,20, 4, 12,1,2
2015,1,31,20, 4, 13,0,0
2015,1,31,20, 4, 14,2,0
2015,1,31,20, 4, 15,2,0
2015,1,31,20, 4, 16,2,2
2015,1,31,20, 4, 17,0,2
2015,1,31,20, 4, 18,0,2
2015,1,31,20, 4,  0,0,0
2015,1,31,20, 4,  1,0,0
2015,1,31,20, 4,  2,0,0
2015,1,31,20, 4,  3,1,0
2015,1,31,20, 4,  4,1,0
2015,1,31,20, 4,  5,1,1
2015,1,31,20, 4,  6,0,1
2015,1,31,20, 4,  7,0,0
2015,1,31,20, 4,  8,0,0
2015,1,31,20, 4,  9,1,0
2015,1,31,20, 4, 10,0,2
2015,1,31,20, 4, 11,1,2
2015,1,31,20, 4, 12,1,2
2015,1,31,20, 4, 13,0,0
2015,1,31,20, 4, 14,2,0
2015,1,31,20, 4, 15,2,0
2015,1,31,20, 4, 16,2,2
2015,1,31,20, 4, 17,0,2
2015,1,31,20, 4, 18,0,2
2015,1,31,20, 4,  0,0,0
2015,1,31,20, 4,  1,0,0
2015,1,31,20, 4,  2,0,0
2015,1,31,20, 4,  3,1,0
2015,1,31,20, 4,  4,1,0
2015,1,31,20, 4,  5,1,1
2015,1,31,20, 4,  6,0,1
2015,1,31,20, 4,  7,0,0
2015,1,31,20, 4,  8,0,0
2015,1,31,20, 4,  9,1,0
2015,1,31,20, 4, 10,0,2
2015,1,31,20, 4, 11,1,2
2015,1,31,20, 4, 12,1,2
2015,1,31,20, 4, 13,0,0
2015,1,31,20, 4, 14,2,0
2015,1,31,20, 4, 15,2,0
2015,1,31,20, 4, 16,2,2
2015,1,31,20, 4, 17,0,2
2015,1,31,20, 4, 18,0,2
2015,1,31,21, 4,  0,0,0
2015,1,31,21, 4,  1,0,0
2015,1,31,21, 4,  2,0,0
2015,1,31,21, 4,  3,1,0
2015,1,31,21, 4,  4,0,0
2015,1,31,21, 4,  5,1,1
2015,1,31,21, 4,  6,0,1
2015,1,31,21, 4,  7,0,0
2015,1,31,21, 4,  8,0,0
2015,1,31,21, 4,  9,1,0
2015,1,31,21, 4, 10,0,1
2015,1,31,21, 4, 11,1,1
2015,1,31,21, 4, 12,1,1
2015,1,31,21, 4, 13,0,0
2015,1,31,21, 4, 14,0,0
2015,1,31,21, 4, 15,0,0
2015,1,31,21, 4, 16,1,1
2015,1,31,21, 4, 17,0,0
2015,1,31,21, 4, 18,0,0
2015,1,31,21, 4,  0,0,0
2015,1,31,21, 4,  1,0,0
2015,1,31,21, 4,  2,0,0
2015,1,31,21, 4,  3,1,0
2015,1,31,21, 4,  4,0,0
2015,1,31,21, 4,  5,1,1
2015,1,31,21, 4,  6,0,1
2015,1,31,21, 4,  7,0,0
2015,1,31,21, 4,  8,0,0
2015,1,31,21, 4,  9,1,0
2015,1,31,21, 4, 10,0,1
2015,1,31,21, 4, 11,1,1
2015,1,31,21, 4, 12,1,1
2015,1,31,21, 4, 13,0,0
2015,1,31,21, 4, 14,0,0
2015,1,31,21, 4, 15,0,0
2015,1,31,21, 4, 16,1,1
2015,1,31,21, 4, 17,0,0
2015,1,31,21, 4, 18,0,0
2015,1,31,21, 4,  0,0,0
2015,1,31,21, 4,  1,0,0
2015,1,31,21, 4,  2,0,0
2015,1,31,21, 4,  3,1,0
2015,1,31,21, 4,  4,0,0
2015,1,31,21, 4,  5,1,1
2015,1,31,21, 4,  6,0,1
2015,1,31,21, 4,  7,0,0
2015,1,31,21, 4,  8,0,0
2015,1,31,21, 4,  9,1,0
2015,1,31,21, 4, 10,0,1
2015,1,31,21, 4, 11,1,1
2015,1,31,21, 4, 12,1,1
2015,1,31,21, 4, 13,0,0
2015,1,31,21, 4, 14,0,0
2015,1,31,21, 4, 15,0,0
2015,1,31,21, 4, 16,1,1
2015,1,31,21, 4, 17,0,0
2015,1,31,21, 4, 18,0,0
2015,1,31,21, 4,  0,0,0
2015,1,31,21, 4,  1,0,0
2015,1,31,21, 4,  2,0,0
2015,1,31,21, 4,  3,1,0
2015,1,31,21, 4,  4,0,0
2015,1,31,21, 4,  5,1,1
2015,1,31,21, 4,  6,0,1
2015,1,31,21, 4,  7,0,0
2015,1,31,21, 4,  8,0,0
2015,1,31,21, 4,  9,1,0
2015,1,31,21, 4, 10,0,1
2015,1,31,21, 4, 11,1,1
2015,1,31,21, 4, 12,1,1
2015,1,31,21, 4, 13,0,0
2015,1,31,21, 4, 14,0,0
2015,1,31,21, 4, 15,0,0
2015,1,31,21, 4, 16,1,1
2015,1,31,21, 4, 17,0,0
2015,1,31,21, 4, 18,0,0
2015,1,31,22, 4,  0,0,0
2015,1,31,22, 4,  1,0,0
2015,1,31,22, 4,  2,0,0
2015,1,31,22, 4,  3,1,0
2015,1,31,22, 4,  4,0,0
2015,1,31,22, 4,  5,1,1
2015,1,31,22, 4,  6,0,1
2015,1,31,22, 4,  7,0,0
2015,1,31,22, 4,  8,0,0
2015,1,31,22, 4,  9,1,0
2015,1,31,22, 4, 10,0,1
2015,1,31,22, 4, 11,1,1
2015,1,31,22, 4, 12,1,1
2015,1,31,22, 4, 13,0,0
2015,1,31,22, 4, 14,0,0
2015,1,31,22, 4, 15,0,0
2015,1,31,22, 4, 16,1,1
2015,1,31,22, 4, 17,0,0
2015,1,31,22, 4, 18,0,0
2015,1,31,22, 4,  0,0,0
2015,1,31,22, 4,  1,0,0
2015,1,31,22, 4,  2,0,0
2015,1,31,22, 4,  3,1,0
2015,1,31,22, 4,  4,0,0
2015,1,31,22, 4,  5,1,1
2015,1,31,22, 4,  6,0,1
2015,1,31,22, 4,  7,0,0
2015,1,31,22, 4,  8,0,0
2015,1,31,22, 4,  9,1,0
2015,1,31,22, 4, 10,0,1
2015,1,31,22, 4, 11,1,1
2015,1,31,22, 4, 12,1,1
2015,1,31,22, 4, 13,0,0
2015,1,31,22, 4, 14,0,0
2015,1,31,22, 4, 15,0,0
2015,1,31,22, 4, 16,1,1
2015,1,31,22, 4, 17,0,0
2015,1,31,22, 4, 18,0,0
2015,1,31,22, 4,  0,0,0
2015,1,31,22, 4,  1,0,0
2015,1,31,22, 4,  2,0,0
2015,1,31,22, 4,  3,1,0
2015,1,31,22, 4,  4,0,0
2015,1,31,22, 4,  5,1,1
2015,1,31,22, 4,  6,0,1
2015,1,31,22, 4,  7,0,0
2015,1,31,22, 4,  8,0,0
2015,1,31,22, 4,  9,1,0
2015,1,31,22, 4, 10,0,1
2015,1,31,22, 4, 11,1,1
2015,1,31,22, 4, 12,1,1
2015,1,31,22, 4, 13,0,0
2015,1,31,22, 4, 14,0,0
2015,1,31,22, 4, 15,0,0
2015,1,31,22, 4, 16,1,1
2015,1,31,22, 4, 17,0,0
2015,1,31,22, 4, 18,0,0
2015,1,31,22, 4,  0,0,0
2015,1,31,22, 4,  1,0,0
2015,1,31,22, 4,  2,0,0
2015,1,31,22, 4,  3,1,0
2015,1,31,22, 4,  4,0,0
2015,1,31,22, 4,  5,1,1
2015,1,31,22, 4,  6,0,1
2015,1,31,22, 4,  7,0,0
2015,1,31,22, 4,  8,0,0
2015,1,31,22, 4,  9,1,0
2015,1,31,22, 4, 10,0,1
2015,1,31,22, 4, 11,1,1
2015,1,31,22, 4, 12,1,1
2015,1,31,22, 4, 13,2,0
2015,1,31,22, 4, 14,2,0
2015,1,31,22, 4, 15,0,1
2015,1,31,22, 4, 16,1,1
2015,1,31,22, 4, 17,0,0
2015,1,31,22, 4, 18,0,0
2015,1,31,23, 4,  0,0,0
2015,1,31,23, 4,  1,0,0
2015,1,31,23, 4,  2,0,0
2015,1,31,23, 4,  3,1,0
2015,1,31,23, 4,  4,0,0
2015,1,31,23, 4,  5,1,1
2015,1,31,23, 4,  6,0,1
2015,1,31,23, 4,  7,0,0
2015,1,31,23, 4,  8,0,0
2015,1,31,23, 4,  9,1,0
2015,1,31,23, 4, 10,1,1
2015,1,31,23, 4, 11,2,1
2015,1,31,23, 4, 12,2,1
2015,1,31,23, 4, 13,2,0
2015,1,31,23, 4, 14,2,0
2015,1,31,23, 4, 15,0,1
2015,1,31,23, 4, 16,1,1
2015,1,31,23, 4, 17,0,0
2015,1,31,23, 4, 18,0,0
2015,1,31,23, 4,  0,0,0
2015,1,31,23, 4,  1,0,0
2015,1,31,23, 4,  2,0,0
2015,1,31,23, 4,  3,1,0
2015,1,31,23, 4,  4,0,0
2015,1,31,23, 4,  5,1,1
2015,1,31,23, 4,  6,0,1
2015,1,31,23, 4,  7,0,0
2015,1,31,23, 4,  8,0,0
2015,1,31,23, 4,  9,0,0
2015,1,31,23, 4, 10,1,1
2015,1,31,23, 4, 11,2,1
2015,1,31,23, 4, 12,2,0
2015,1,31,23, 4, 13,2,0
2015,1,31,23, 4, 14,2,0
2015,1,31,23, 4, 15,0,0
2015,1,31,23, 4, 16,1,1
2015,1,31,23, 4, 17,0,0
2015,1,31,23, 4, 18,0,0
2015,1,31,23, 4,  0,0,0
2015,1,31,23, 4,  1,0,0
2015,1,31,23, 4,  2,0,0
2015,1,31,23, 4,  3,1,0
2015,1,31,23, 4,  4,0,0
2015,1,31,23, 4,  5,1,1
2015,1,31,23, 4,  6,0,1
2015,1,31,23, 4,  7,0,0
2015,1,31,23, 4,  8,0,0
2015,1,31,23, 4,  9,0,0
2015,1,31,23, 4, 10,1,1
2015,1,31,23, 4, 11,2,1
2015,1,31,23, 4, 12,2,0
2015,1,31,23, 4, 13,2,0
2015,1,31,23, 4, 14,2,0
2015,1,31,23, 4, 15,0,0
2015,1,31,23, 4, 16,1,1
2015,1,31,23, 4, 17,0,0
2015,1,31,23, 4, 18,0,0
2015,1,31,23, 4,  0,0,0
2015,1,31,23, 4,  1,0,0
2015,1,31,23, 4,  2,0,0
2015,1,31,23, 4,  3,1,0
2015,1,31,23, 4,  4,0,0
2015,1,31,23, 4,  5,1,1
2015,1,31,23, 4,  6,0,1
2015,1,31,23, 4,  7,0,0
2015,1,31,23, 4,  8,0,0
2015,1,31,23, 4,  9,0,0
2015,1,31,23, 4, 10,1,1
2015,1,31,23, 4, 11,2,1
2015,1,31,23, 4, 12,2,0
2015,1,31,23, 4, 13,2,0
2015,1,31,23, 4, 14,2,0
2015,1,31,23, 4, 15,0,0
2015,1,31,23, 4, 16,1,1
2015,1,31,23, 4, 17,0,0
2015,1,31,23, 4, 18,0,0
